Workbook

Sheet Hoja1
A1: Codigo | B1: Nombre | C1: Doc.Id. | D1: 1 | E1: 2 | F1: 3 | G1: 4 | H1: 5 | I1: 6 | J1: 7 | K1: 8 | L1: 9 | M1: 10 | N1: 11 | O1: 12 | P1: 13 | Q1: 14 | R1: 15 | S1: 16 | T1: 17 | U1: 18 | V1: 19 | W1: 20 | X1: 21 | Y1: 22 | Z1: 23 | AA1: 24 | AB1: 25 | AC1: 26 | AD1: 27 | AE1: 28 | AF1: 29 | AG1: 30 | AH1: 31 | AI1: 32 | AJ1: MES | AK1: DIAS MES | AL1: TOLERANCIA | AM1: Tard. > 00:10 | AN1: % | AO1: FALTAS | AP1: ESTATUS | AQ1: NOM ABREV
A2: 00001 | B2: CACERES CORDOVA, ROCIO SANDRA | C2: 48429690 | D2: 0.011111111 | E2: 0.0125 | F2: 0.010416667 | G2: 0 | H2: 0.010416667 | I2: F | J2: 0 | K2: 0 | L2: 0.0041666667 | M2: 0 | N2: 0 | O2: 0.015972222 | P2: 0.015277778 | Q2: 0.015277778 | R2: 3:32 | S2: 0.010416667 | T2: 0 | U2: 0 | V2: 0 | W2: 0.015277778 | X2: 0.010416667 | Y2: 0.0069444444 | Z2: 0 | AA2: 0 | AB2: 0 | AC2: F | AD2: 0 | AE2: 0.018055556 | AF2: 0 | AG2: 0 | AH2: 0 | AJ2: 1 | AK2: =COUNTA(D2:AI2) -> 31 | AL2: 0.0069444444 | AM2: =COUNTIF(D2:AI2, ">00:10") -> 11 | AN2: =+AM2/AK2 -> 0.35483871 | AO2: =COUNTIF(D2:AI2,"F") -> 2 | AP2: ACTIVO | AQ2: =CONCATENATE(MID(AU2,1,AV2-1)," ",(MID(AS2,1,AT2-1))) -> ROCIO CACERES | AR2: =SEARCH(",",B2) -> 16 | AS2: =MID(B2,1,AR2-1) -> CACERES CORDOVA | AT2: =SEARCH(" ",AS2) -> 8 | AU2: =MID(B2,AR2+2,90) -> ROCIO SANDRA | AV2: =SEARCH(" ",AU2) -> 6
A3: 00003 | B3: LLANOS YAURI, LOURDES LUCIA | C3: 10602846 | D3: 0 | E3: 0.020833333 | F3: 0.023611111 | G3: 0 | H3: 0.0041666667 | I3: F | J3: 0 | K3: 0.013194444 | L3: 0.025 | M3: 0.0069444444 | N3: 0 | O3: 0.025 | P3: 0.03125 | Q3: 0.01875 | R3: 0.036805556 | S3: 0 | T3: 0 | U3: 0 | V3: 0 | W3: F | X3: F | Y3: F | Z3: F | AA3: F | AB3: 0 | AC3: F | AD3: 0 | AE3: 0.028472222 | AF3: 0 | AG3: 0.0097222222 | AH3: 0.013194444 | AJ3: 1 | AK3: =COUNTA(D3:AI3) -> 31 | AL3: 0.0069444444 | AM3: =COUNTIF(D3:AI3, ">00:10") -> 11 | AN3: =+AM3/AK3 -> 0.35483871 | AO3: =COUNTIF(D3:AI3,"F") -> 7 | AP3: ACTIVO | AQ3: =CONCATENATE(MID(AU3,1,AV3-1)," ",(MID(AS3,1,AT3-1))) -> LOURDES LLANOS | AR3: =SEARCH(",",B3) -> 13 | AS3: =MID(B3,1,AR3-1) -> LLANOS YAURI | AT3: =SEARCH(" ",AS3) -> 7 | AU3: =MID(B3,AR3+2,90) -> LOURDES LUCIA | AV3: =SEARCH(" ",AU3) -> 8
A4: 00004 | B4: TICLLA RAMOS, MARIELLA | C4: 72262268 | D4: F | E4: F | F4: F | G4: 0 | H4: F | I4: F | J4: 0 | K4: F | L4: F | M4: F | N4: 0 | O4: F | P4: F | Q4: F | R4: F | S4: F | T4: 0 | U4: 0 | V4: 0 | W4: F | X4: F | Y4: 0.029166667 | Z4: 0.019444444 | AA4: 0 | AB4: 0 | AC4: 0.015277778 | AD4: 0.014583333 | AE4: 0 | AF4: 0.0097222222 | AG4: 0.010416667 | AH4: 0.0020833333 | AJ4: 1 | AK4: =COUNTA(D4:AI4) -> 31 | AL4: 0.0069444444 | AM4: =COUNTIF(D4:AI4, ">00:10") -> 6 | AN4: =+AM4/AK4 -> 0.19354839 | AO4: =COUNTIF(D4:AI4,"F") -> 15 | AP4: ACTIVO | AQ4: =CONCATENATE(AU4," ",(MID(AS4,1,AT4-1))) -> MARIELLA TICLLA | AR4: =SEARCH(",",B4) -> 13 | AS4: =MID(B4,1,AR4-1) -> TICLLA RAMOS | AT4: =SEARCH(" ",AS4) -> 7 | AU4: =MID(B4,AR4+2,90) -> MARIELLA | AV4: 0
A5: 00006 | B5: PARIONA ROSAS, RICHARD | C5: 71001774 | D5: 0 | E5: F | F5: F | G5: 0 | H5: 0 | I5: F | J5: 0 | K5: 0 | L5: 0.0090277778 | M5: 0.0125 | N5: 0 | O5: 0.0034722222 | P5: 0 | Q5: 0.016666667 | R5: 1:39 | S5: 0.024305556 | T5: 0 | U5: 0 | V5: 0 | W5: 0.0034722222 | X5: 0 | Y5: 0 | Z5: 0 | AA5: 0 | AB5: 0 | AC5: 0 | AD5: 0.013888889 | AE5: 0.0020833333 | AF5: 0.0097222222 | AG5: 0 | AH5: 0.0055555556 | AJ5: 1 | AK5: =COUNTA(D5:AI5) -> 31 | AL5: 0.0069444444 | AM5: =COUNTIF(D5:AI5, ">00:10") -> 6 | AN5: =+AM5/AK5 -> 0.19354839 | AO5: =COUNTIF(D5:AI5,"F") -> 3 | AP5: ACTIVO | AQ5: =CONCATENATE(AU5," ",(MID(AS5,1,AT5-1))) -> RICHARD PARIONA | AR5: =SEARCH(",",B5) -> 14 | AS5: =MID(B5,1,AR5-1) -> PARIONA ROSAS | AT5: =SEARCH(" ",AS5) -> 8 | AU5: =MID(B5,AR5+2,90) -> RICHARD | AV5: =SEARCH(" ",AU5) -> #VALUE!
A6: 00007 | B6: GALINDO MERA, YAHAIRA LUZMILA | C6: 70655433 | D6: 0 | E6: 0.0013888889 | F6: 0.0055555556 | G6: 0 | H6: 0.00069444444 | I6: F | J6: 0 | K6: 0.0055555556 | L6: 0.0090277778 | M6: 0.010416667 | N6: 0 | O6: 0.016666667 | P6: 0.011805556 | Q6: 0.015972222 | R6: 0.029861111 | S6: 0.023611111 | T6: 0 | U6: 0 | V6: 0 | W6: 0.0090277778 | X6: 0.031944444 | Y6: 0.017361111 | Z6: 0 | AA6: 0 | AB6: 0 | AC6: 0 | AD6: 0.014583333 | AE6: 0.010416667 | AF6: 0.0097222222 | AG6: 0 | AH6: 0.0076388889 | AJ6: 1 | AK6: =COUNTA(D6:AI6) -> 31 | AL6: 0.0069444444 | AM6: =COUNTIF(D6:AI6, ">00:10") -> 14 | AN6: =+AM6/AK6 -> 0.4516129 | AO6: =COUNTIF(D6:AI6,"F") -> 1 | AP6: =VLOOKUP(B6,Hoja3!$A$1:$B$14,2,0) -> CESADO | AQ6: =CONCATENATE(MID(AU6,1,AV6-1)," ",(MID(AS6,1,AT6-1))) -> YAHAIRA GALINDO | AR6: =SEARCH(",",B6) -> 13 | AS6: =MID(B6,1,AR6-1) -> GALINDO MERA | AT6: =SEARCH(" ",AS6) -> 8 | AU6: =MID(B6,AR6+2,90) -> YAHAIRA LUZMILA | AV6: =SEARCH(" ",AU6) -> 8
A7: 00008 | B7: LLANOS ANTAURCO, STEPHEN BORIS | C7: 46183969 | D7: 0.014583333 | E7: 0 | F7: 0 | G7: 0 | H7: 0 | I7: F | J7: 0 | K7: 0 | L7: 0.0013888889 | M7: 0 | N7: 0 | O7: 0 | P7: 0 | Q7: 0 | R7: 0.0027777778 | S7: 0.026388889 | T7: 0 | U7: 0 | V7: 0 | W7: 0 | X7: 0 | Y7: 0 | Z7: 0 | AA7: 0 | AB7: 0 | AC7: 0 | AD7: 0 | AE7: 0.0020833333 | AF7: 0.0027777778 | AG7: 0 | AH7: 0 | AJ7: 1 | AK7: =COUNTA(D7:AI7) -> 31 | AL7: 0.0069444444 | AM7: =COUNTIF(D7:AI7, ">00:10") -> 2 | AN7: =+AM7/AK7 -> 0.064516129 | AO7: =COUNTIF(D7:AI7,"F") -> 1 | AP7: ACTIVO | AQ7: =CONCATENATE(MID(AU7,1,AV7-1)," ",(MID(AS7,1,AT7-1))) -> STEPHEN LLANOS | AR7: =SEARCH(",",B7) -> 16 | AS7: =MID(B7,1,AR7-1) -> LLANOS ANTAURCO | AT7: =SEARCH(" ",AS7) -> 7 | AU7: =MID(B7,AR7+2,90) -> STEPHEN BORIS | AV7: =SEARCH(" ",AU7) -> 8
A8: 00010 | B8: CCAMA ARONI, LUZ MIRELLA | C8: 76575233 | D8: 0.01875 | E8: 0.013888889 | F8: 0.010416667 | G8: 0 | H8: 0.0069444444 | I8: F | J8: 0 | K8: 0.0055555556 | L8: 0.0020833333 | M8: 0.0083333333 | N8: 0 | O8: 0.020833333 | P8: 0 | Q8: 0.021527778 | R8: 0.011111111 | S8: 0.010416667 | T8: 0 | U8: 0 | V8: 0 | W8: 0.020833333 | X8: 0.022916667 | Y8: 0.0125 | Z8: 0.0069444444 | AA8: 0 | AB8: 0 | AC8: 0.0013888889 | AD8: 0.021527778 | AE8: 0.017361111 | AF8: 0.034722222 | AG8: 5:03 | AH8: 0.0125 | AJ8: 1 | AK8: =COUNTA(D8:AI8) -> 31 | AL8: 0.0069444444 | AM8: =COUNTIF(D8:AI8, ">00:10") -> 15 | AN8: =+AM8/AK8 -> 0.48387097 | AO8: =COUNTIF(D8:AI8,"F") -> 1 | AP8: ACTIVO | AQ8: =CONCATENATE(MID(AU8,1,AV8-1)," ",(MID(AS8,1,AT8-1))) -> LUZ CCAMA | AR8: =SEARCH(",",B8) -> 12 | AS8: =MID(B8,1,AR8-1) -> CCAMA ARONI | AT8: =SEARCH(" ",AS8) -> 6 | AU8: =MID(B8,AR8+2,90) -> LUZ MIRELLA | AV8: =SEARCH(" ",AU8) -> 4
A9: 00013 | B9: CAYCHO HUANCA, ANDREA ALESSANDRA | C9: 76227067 | D9: 0.0034722222 | E9: 0.0125 | F9: 0.0097222222 | G9: 0 | H9: 0.011805556 | I9: F | J9: 0 | K9: 0 | L9: 0 | M9: 0.022222222 | N9: 0 | O9: 0.015277778 | P9: 0.019444444 | Q9: 0.018055556 | R9: 0.024305556 | S9: 0.022222222 | T9: 0 | U9: 0 | V9: 0 | W9: 0.0097222222 | X9: 0.025 | Y9: 0.026388889 | Z9: 0.022222222 | AA9: 0 | AB9: 0 | AC9: 0 | AD9: 0.011805556 | AE9: 0.023611111 | AF9: 0.013194444 | AG9: 0.0375 | AH9: 0.011805556 | AJ9: 1 | AK9: =COUNTA(D9:AI9) -> 31 | AL9: 0.0069444444 | AM9: =COUNTIF(D9:AI9, ">00:10") -> 18 | AN9: =+AM9/AK9 -> 0.58064516 | AO9: =COUNTIF(D9:AI9,"F") -> 1 | AP9: CESADO | AQ9: =CONCATENATE(MID(AU9,1,AV9-1)," ",(MID(AS9,1,AT9-1))) -> ANDREA CAYCHO | AR9: =SEARCH(",",B9) -> 14 | AS9: =MID(B9,1,AR9-1) -> CAYCHO HUANCA | AT9: =SEARCH(" ",AS9) -> 7 | AU9: =MID(B9,AR9+2,90) -> ANDREA ALESSANDRA | AV9: =SEARCH(" ",AU9) -> 7
A10: 00014 | B10: PAREDES GUILLEN, ROCIO NOEMI | C10: 09930677 | D10: 0 | E10: 0 | F10: 0 | G10: 0 | H10: 0 | I10: F | J10: 0 | K10: 0 | L10: 0 | M10: 0 | N10: 0 | O10: 0 | P10: 0 | Q10: 0 | R10: 0 | S10: 0 | T10: 0 | U10: 0 | V10: 0 | W10: 0 | X10: 0 | Y10: 1:11 | Z10: 0 | AA10: 0 | AB10: 0 | AC10: 0 | AD10: 0 | AE10: 0 | AF10: 0.0097222222 | AG10: 0 | AH10: 0.020833333 | AJ10: 1 | AK10: =COUNTA(D10:AI10) -> 31 | AL10: 0.0069444444 | AM10: =COUNTIF(D10:AI10, ">00:10") -> 2 | AN10: =+AM10/AK10 -> 0.064516129 | AO10: =COUNTIF(D10:AI10,"F") -> 1 | AP10: =VLOOKUP(B10,Hoja3!$A$1:$B$14,2,0) -> CESADO | AQ10: =CONCATENATE(MID(AU10,1,AV10-1)," ",(MID(AS10,1,AT10-1))) -> ROCIO PAREDES | AR10: =SEARCH(",",B10) -> 16 | AS10: =MID(B10,1,AR10-1) -> PAREDES GUILLEN | AT10: =SEARCH(" ",AS10) -> 8 | AU10: =MID(B10,AR10+2,90) -> ROCIO NOEMI | AV10: =SEARCH(" ",AU10) -> 6
A11: 00016 | B11: GUEVARA ENRIQUEZ, ROGELIO | C11: 70237404 | D11: 0 | E11: 0 | F11: 0 | G11: 0 | H11: 0 | I11: F | J11: 0 | K11: 0 | L11: 0 | M11: 0.0013888889 | N11: 0 | O11: 0 | P11: 0 | Q11: 0 | R11: 0 | S11: 0 | T11: 0 | U11: 0 | V11: 0 | W11: 0 | X11: 0 | Y11: 0 | Z11: 0 | AA11: 0 | AB11: 0 | AC11: 0 | AD11: 0 | AE11: 0 | AF11: 0 | AG11: 0 | AH11: 0 | AJ11: 1 | AK11: =COUNTA(D11:AI11) -> 31 | AL11: 0.0069444444 | AM11: =COUNTIF(D11:AI11, ">00:10") -> 0 | AN11: =+AM11/AK11 -> 0 | AO11: =COUNTIF(D11:AI11,"F") -> 1 | AP11: =VLOOKUP(B11,Hoja3!$A$1:$B$14,2,0) -> CESADO | AQ11: =CONCATENATE(AU11," ",(MID(AS11,1,AT11-1))) -> ROGELIO GUEVARA | AR11: =SEARCH(",",B11) -> 17 | AS11: =MID(B11,1,AR11-1) -> GUEVARA ENRIQUEZ | AT11: =SEARCH(" ",AS11) -> 8 | AU11: =MID(B11,AR11+2,90) -> ROGELIO | AV11: =SEARCH(" ",AU11) -> #VALUE!
A12: 00017 | B12: ASIAN RAMIREZ, SILVIA LARITZA | C12: 70098369 | D12: 0.0125 | E12: 1:00 | F12: 0.015277778 | G12: 0 | H12: 0 | I12: F | J12: 0 | K12: 0.027083333 | L12: 0 | M12: 0.0055555556 | N12: 0 | O12: 0.016666667 | P12: 0.0069444444 | Q12: 0.017361111 | R12: 0.033333333 | S12: 0 | T12: 0 | U12: 0 | V12: 0 | W12: 0 | X12: 0.017361111 | Y12: 0.020833333 | Z12: 0.013194444 | AA12: F | AB12: 0 | AC12: 0.029861111 | AD12: 0.032638889 | AE12: 0 | AF12: 0 | AG12: 0.011111111 | AH12: 0.0048611111 | AJ12: 1 | AK12: =COUNTA(D12:AI12) -> 31 | AL12: 0.0069444444 | AM12: =COUNTIF(D12:AI12, ">00:10") -> 12 | AN12: =+AM12/AK12 -> 0.38709677 | AO12: =COUNTIF(D12:AI12,"F") -> 2 | AP12: =VLOOKUP(B12,Hoja3!$A$1:$B$14,2,0) -> CESADO | AQ12: =CONCATENATE(MID(AU12,1,AV12-1)," ",(MID(AS12,1,AT12-1))) -> SILVIA ASIAN | AR12: =SEARCH(",",B12) -> 14 | AS12: =MID(B12,1,AR12-1) -> ASIAN RAMIREZ | AT12: =SEARCH(" ",AS12) -> 6 | AU12: =MID(B12,AR12+2,90) -> SILVIA LARITZA | AV12: =SEARCH(" ",AU12) -> 7
A13: 00021 | B13: PRETELL PINTADO, ANGELICA DIANA | C13: 72648191 | D13: 0.015972222 | E13: 0.020833333 | F13: 1:02 | G13: 0 | H13: 0.029166667 | I13: F | J13: 0 | K13: 0.023611111 | L13: 0.010416667 | M13: 0.011111111 | N13: 0 | O13: 0.025694444 | P13: 0.030555556 | Q13: 0.013888889 | R13: 0.03125 | S13: 0.017361111 | T13: 0 | U13: 0 | V13: 0 | W13: 0.020833333 | X13: 0.014583333 | Y13: 0.018055556 | Z13: 0 | AA13: 0 | AB13: 0 | AC13: 0 | AD13: 0.0069444444 | AE13: 0.030555556 | AF13: 0.027777778 | AG13: 0.027777778 | AH13: 0.0125 | AJ13: 1 | AK13: =COUNTA(D13:AI13) -> 31 | AL13: 0.0069444444 | AM13: =COUNTIF(D13:AI13, ">00:10") -> 18 | AN13: =+AM13/AK13 -> 0.58064516 | AO13: =COUNTIF(D13:AI13,"F") -> 1 | AP13: CESADO | AQ13: =CONCATENATE(MID(AU13,1,AV13-1)," ",(MID(AS13,1,AT13-1))) -> ANGELICA PRETELL | AR13: =SEARCH(",",B13) -> 16 | AS13: =MID(B13,1,AR13-1) -> PRETELL PINTADO | AT13: =SEARCH(" ",AS13) -> 8 | AU13: =MID(B13,AR13+2,90) -> ANGELICA DIANA | AV13: =SEARCH(" ",AU13) -> 9
A14: 00022 | B14: TENORIO FELIX, SAMANTHA NICOLLE | C14: 72925189 | D14: F | E14: 0 | F14: 0.015277778 | G14: 0 | H14: 0 | I14: F | J14: 0 | K14: 0 | L14: 0 | M14: 0.010416667 | N14: 0 | O14: 0 | P14: 0.014583333 | Q14: 0 | R14: 0.013888889 | S14: 0 | T14: 0 | U14: 0 | V14: 0 | W14: 0 | X14: 0.020138889 | Y14: 0 | Z14: 0.013194444 | AA14: 0 | AB14: 0 | AC14: F | AD14: F | AE14: F | AF14: F | AG14: 0.039583333 | AH14: 1:15 | AJ14: 1 | AK14: =COUNTA(D14:AI14) -> 31 | AL14: 0.0069444444 | AM14: =COUNTIF(D14:AI14, ">00:10") -> 7 | AN14: =+AM14/AK14 -> 0.22580645 | AO14: =COUNTIF(D14:AI14,"F") -> 6 | AP14: =VLOOKUP(B14,Hoja3!$A$1:$B$14,2,0) -> CESADO | AQ14: =CONCATENATE(MID(AU14,1,AV14-1)," ",(MID(AS14,1,AT14-1))) -> SAMANTHA TENORIO | AR14: =SEARCH(",",B14) -> 14 | AS14: =MID(B14,1,AR14-1) -> TENORIO FELIX | AT14: =SEARCH(" ",AS14) -> 8 | AU14: =MID(B14,AR14+2,90) -> SAMANTHA NICOLLE | AV14: =SEARCH(" ",AU14) -> 9
A15: 00023 | B15: LOPEZ FARIAS, CARLOS JOAQUIN | C15: 73619936 | D15: 0.0041666667 | E15: 0.0034722222 | F15: 0 | G15: 0 | H15: 0.00625 | I15: F | J15: 0 | K15: F | L15: 0 | M15: 0.010416667 | N15: 0 | O15: 0.00069444444 | P15: 0 | Q15: 0 | R15: 0.029861111 | S15: 0 | T15: 0 | U15: 0 | V15: 0 | W15: 0.011111111 | X15: 0.00069444444 | Y15: 0.0083333333 | Z15: 0.0069444444 | AA15: 0 | AB15: 0 | AC15: 0 | AD15: 0 | AE15: 0.0055555556 | AF15: 0 | AG15: 0.0027777778 | AH15: 0.015277778 | AJ15: 1 | AK15: =COUNTA(D15:AI15) -> 31 | AL15: 0.0069444444 | AM15: =COUNTIF(D15:AI15, ">00:10") -> 5 | AN15: =+AM15/AK15 -> 0.16129032 | AO15: =COUNTIF(D15:AI15,"F") -> 2 | AP15: ACTIVO | AQ15: =CONCATENATE(MID(AU15,1,AV15-1)," ",(MID(AS15,1,AT15-1))) -> CARLOS LOPEZ | AR15: =SEARCH(",",B15) -> 13 | AS15: =MID(B15,1,AR15-1) -> LOPEZ FARIAS | AT15: =SEARCH(" ",AS15) -> 6 | AU15: =MID(B15,AR15+2,90) -> CARLOS JOAQUIN | AV15: =SEARCH(" ",AU15) -> 7
A16: 00024 | B16: LOPEZ CRUZ, JEFFERSON NORMAN | C16: 72754919 | D16: 0.0048611111 | E16: 0 | F16: 0 | G16: 0 | H16: 0.0020833333 | I16: F | J16: 0 | K16: 0.0027777778 | L16: 0.0083333333 | M16: 0 | N16: 0 | O16: 2:47 | P16: 0.029166667 | Q16: 0 | R16: 0.024305556 | S16: 0.0090277778 | T16: 0 | U16: 0 | V16: 0 | W16: 0.014583333 | X16: 0.0125 | Y16: 0.015972222 | Z16: 0.0055555556 | AA16: 0 | AB16: 0 | AC16: 0 | AD16: 0.0027777778 | AE16: 0 | AF16: 0.014583333 | AG16: 0.038888889 | AH16: 0.023611111 | AJ16: 1 | AK16: =COUNTA(D16:AI16) -> 31 | AL16: 0.0069444444 | AM16: =COUNTIF(D16:AI16, ">00:10") -> 10 | AN16: =+AM16/AK16 -> 0.32258065 | AO16: =COUNTIF(D16:AI16,"F") -> 1 | AP16: =VLOOKUP(B16,Hoja3!$A$1:$B$14,2,0) -> CESADO | AQ16: =CONCATENATE(MID(AU16,1,AV16-1)," ",(MID(AS16,1,AT16-1))) -> JEFFERSON LOPEZ | AR16: =SEARCH(",",B16) -> 11 | AS16: =MID(B16,1,AR16-1) -> LOPEZ CRUZ | AT16: =SEARCH(" ",AS16) -> 6 | AU16: =MID(B16,AR16+2,90) -> JEFFERSON NORMAN | AV16: =SEARCH(" ",AU16) -> 10
A17: 00025 | B17: CRUZ TAIPE, RONY WALDIR | C17: 76848378 | D17: 0.0090277778 | E17: 0 | F17: 0 | G17: 0 | H17: 0.0055555556 | I17: 5:11 | J17: 0 | K17: 0 | L17: 0 | M17: 1:18 | N17: 0 | O17: 0.0027777778 | P17: 0.033333333 | Q17: 0 | R17: 0.0083333333 | S17: 0.0055555556 | T17: 0 | U17: 0 | V17: 0 | W17: 0 | X17: 0 | Y17: 0 | Z17: 0 | AA17: 0.0027777778 | AB17: 0 | AC17: 0 | AD17: 4:43 | AE17: 0 | AF17: 0 | AG17: 0 | AH17: 0 | AJ17: 1 | AK17: =COUNTA(D17:AI17) -> 31 | AL17: 0.0069444444 | AM17: =COUNTIF(D17:AI17, ">00:10") -> 3 | AN17: =+AM17/AK17 -> 0.096774194 | AO17: =COUNTIF(D17:AI17,"F") -> 0 | AP17: ACTIVO | AQ17: =CONCATENATE(MID(AU17,1,AV17-1)," ",(MID(AS17,1,AT17-1))) -> RONY CRUZ | AR17: =SEARCH(",",B17) -> 11 | AS17: =MID(B17,1,AR17-1) -> CRUZ TAIPE | AT17: =SEARCH(" ",AS17) -> 5 | AU17: =MID(B17,AR17+2,90) -> RONY WALDIR | AV17: =SEARCH(" ",AU17) -> 5
A18: 00026 | B18: ANDRADE MERA, MARQUIÑO ANTONY | C18: 74768155 | D18: 0.0041666667 | E18: 0.011111111 | F18: 0.0090277778 | G18: 0 | H18: 0 | I18: F | J18: 0 | K18: F | L18: 0 | M18: 0 | N18: 0 | O18: 0.0375 | P18: 0 | Q18: 0 | R18: 0.0020833333 | S18: 0.019444444 | T18: 0 | U18: 0 | V18: 0 | W18: 0.0076388889 | X18: 0.010416667 | Y18: 0.014583333 | Z18: 0.010416667 | AA18: 0 | AB18: 0 | AC18: 0 | AD18: 0.0090277778 | AE18: 0 | AF18: 0 | AG18: 0.017361111 | AH18: 0.0041666667 | AJ18: 1 | AK18: =COUNTA(D18:AI18) -> 31 | AL18: 0.0069444444 | AM18: =COUNTIF(D18:AI18, ">00:10") -> 10 | AN18: =+AM18/AK18 -> 0.32258065 | AO18: =COUNTIF(D18:AI18,"F") -> 2 | AP18: CESADO | AQ18: =CONCATENATE(MID(AU18,1,AV18-1)," ",(MID(AS18,1,AT18-1))) -> MARQUIÑO ANDRADE | AR18: =SEARCH(",",B18) -> 13 | AS18: =MID(B18,1,AR18-1) -> ANDRADE MERA | AT18: =SEARCH(" ",AS18) -> 8 | AU18: =MID(B18,AR18+2,90) -> MARQUIÑO ANTONY | AV18: =SEARCH(" ",AU18) -> 9
A19: 00027 | B19: FELIX GARCIA, JEAN PIERRE | C19: 73453354 | D19: 0.011111111 | E19: 1:09 | F19: 0.0055555556 | G19: 0 | H19: 0.017361111 | I19: F | J19: 0 | K19: 0.031944444 | L19: F | M19: 0.039583333 | N19: 0 | O19: 0 | P19: 1:07 | Q19: 0.036111111 | R19: 0 | S19: 0.020138889 | T19: 0 | U19: 0 | V19: 0 | W19: 0.029166667 | X19: 0.0034722222 | Y19: 0 | Z19: 0.020138889 | AA19: 0 | AB19: 0 | AC19: 0 | AD19: 0 | AE19: 0 | AF19: 0 | AG19: 0 | AH19: 0 | AJ19: 1 | AK19: =COUNTA(D19:AI19) -> 31 | AL19: 0.0069444444 | AM19: =COUNTIF(D19:AI19, ">00:10") -> 8 | AN19: =+AM19/AK19 -> 0.25806452 | AO19: =COUNTIF(D19:AI19,"F") -> 2 | AP19: =VLOOKUP(B19,Hoja3!$A$1:$B$14,2,0) -> CESADO | AQ19: =CONCATENATE(MID(AU19,1,AV19-1)," ",(MID(AS19,1,AT19-1))) -> JEAN FELIX | AR19: =SEARCH(",",B19) -> 13 | AS19: =MID(B19,1,AR19-1) -> FELIX GARCIA | AT19: =SEARCH(" ",AS19) -> 6 | AU19: =MID(B19,AR19+2,90) -> JEAN PIERRE | AV19: =SEARCH(" ",AU19) -> 5
A20: 00028 | B20: CLAROS NIETO, LITTA DANERY | C20: 47329796 | D20: 0.035416667 | E20: 1:03 | F20: 0 | G20: 0 | H20: 0.0055555556 | I20: F | J20: 0 | K20: 0.034027778 | L20: 1:18 | M20: 0.0041666667 | N20: 0 | O20: 0.015277778 | P20: 0.022222222 | Q20: 0.013194444 | R20: 0.032638889 | S20: 0.022916667 | T20: 0 | U20: 0 | V20: 0 | W20: 0.0048611111 | X20: 0.022916667 | Y20: 0.028472222 | Z20: 0 | AA20: 0 | AB20: 0 | AC20: F | AD20: 0.027777778 | AE20: 0.0083333333 | AF20: 0.031944444 | AG20: 0 | AH20: 0.010416667 | AJ20: 1 | AK20: =COUNTA(D20:AI20) -> 31 | AL20: 0.0069444444 | AM20: =COUNTIF(D20:AI20, ">00:10") -> 13 | AN20: =+AM20/AK20 -> 0.41935484 | AO20: =COUNTIF(D20:AI20,"F") -> 2 | AP20: =VLOOKUP(B20,Hoja3!$A$1:$B$14,2,0) -> CESADO | AQ20: =CONCATENATE(MID(AU20,1,AV20-1)," ",(MID(AS20,1,AT20-1))) -> LITTA CLAROS | AR20: =SEARCH(",",B20) -> 13 | AS20: =MID(B20,1,AR20-1) -> CLAROS NIETO | AT20: =SEARCH(" ",AS20) -> 7 | AU20: =MID(B20,AR20+2,90) -> LITTA DANERY | AV20: =SEARCH(" ",AU20) -> 6
A21: 00029 | B21: CCARI ASILLO, JHON MILTHON | C21: 77822746 | D21: 0 | E21: 0.038888889 | F21: 0.036111111 | G21: 0 | H21: 0 | I21: 0 | J21: 0 | K21: 0 | L21: 0 | M21: 0 | N21: 0 | O21: 0 | P21: 0 | Q21: 0 | R21: 0 | S21: 0 | T21: 0 | U21: 0 | V21: 0 | W21: 0 | X21: 0 | Y21: 0 | Z21: 0 | AA21: 0 | AB21: 0 | AC21: 0 | AD21: 0 | AE21: 0 | AF21: 0 | AG21: 0 | AH21: 0 | AJ21: 1 | AK21: =COUNTA(D21:AI21) -> 31 | AL21: 0.0069444444 | AM21: =COUNTIF(D21:AI21, ">00:10") -> 2 | AN21: =+AM21/AK21 -> 0.064516129 | AO21: =COUNTIF(D21:AI21,"F") -> 0 | AP21: =VLOOKUP(B21,Hoja3!$A$1:$B$14,2,0) -> CESADO | AQ21: =CONCATENATE(MID(AU21,1,AV21-1)," ",(MID(AS21,1,AT21-1))) -> JHON CCARI | AR21: =SEARCH(",",B21) -> 13 | AS21: =MID(B21,1,AR21-1) -> CCARI ASILLO | AT21: =SEARCH(" ",AS21) -> 6 | AU21: =MID(B21,AR21+2,90) -> JHON MILTHON | AV21: =SEARCH(" ",AU21) -> 5
A22: 00034 | B22: MEJIA TORRES, FRANCISCO JAVIER | C22: 72350882 | D22: 0 | E22: 0 | F22: 0 | G22: 0 | H22: 0 | I22: F | J22: 0 | K22: 0 | L22: 0.0020833333 | M22: 0 | N22: 0 | O22: 0.0041666667 | P22: 0 | Q22: 0.0048611111 | R22: 0.0013888889 | S22: 0.0013888889 | T22: 0 | U22: 0 | V22: 0 | W22: 0.0034722222 | X22: 0 | Y22: 0 | Z22: 0 | AA22: 0 | AB22: 0 | AC22: 0.0076388889 | AD22: 0 | AE22: 0.00069444444 | AF22: 0 | AG22: 0.0027777778 | AH22: 0 | AJ22: 1 | AK22: =COUNTA(D22:AI22) -> 31 | AL22: 0.0069444444 | AM22: =COUNTIF(D22:AI22, ">00:10") -> 1 | AN22: =+AM22/AK22 -> 0.032258065 | AO22: =COUNTIF(D22:AI22,"F") -> 1 | AP22: ACTIVO | AQ22: =CONCATENATE(MID(AU22,1,AV22-1)," ",(MID(AS22,1,AT22-1))) -> FRANCISCO MEJIA | AR22: =SEARCH(",",B22) -> 13 | AS22: =MID(B22,1,AR22-1) -> MEJIA TORRES | AT22: =SEARCH(" ",AS22) -> 6 | AU22: =MID(B22,AR22+2,90) -> FRANCISCO JAVIER | AV22: =SEARCH(" ",AU22) -> 10
A23: 00035 | B23: GUEVARA CABELLO, CARLOS JEANPIERRE | C23: 74026944 | D23: 0.0013888889 | E23: 0.0020833333 | F23: 0 | G23: 0 | H23: 0 | I23: F | J23: 0 | K23: 0 | L23: 0.0041666667 | M23: 0 | N23: 0 | O23: 0 | P23: 0.0034722222 | Q23: 0.0034722222 | R23: 0 | S23: 0 | T23: 0 | U23: 0 | V23: 0 | W23: 0 | X23: 0.00069444444 | Y23: 0.0027777778 | Z23: 0.0083333333 | AA23: 0 | AB23: 0 | AC23: 0.00625 | AD23: 0.0076388889 | AE23: 0 | AF23: 0 | AG23: 0.0034722222 | AH23: 0 | AJ23: 1 | AK23: =COUNTA(D23:AI23) -> 31 | AL23: 0.0069444444 | AM23: =COUNTIF(D23:AI23, ">00:10") -> 2 | AN23: =+AM23/AK23 -> 0.064516129 | AO23: =COUNTIF(D23:AI23,"F") -> 1 | AP23: ACTIVO | AQ23: =CONCATENATE(MID(AU23,1,AV23-1)," ",(MID(AS23,1,AT23-1))) -> CARLOS GUEVARA | AR23: =SEARCH(",",B23) -> 16 | AS23: =MID(B23,1,AR23-1) -> GUEVARA CABELLO | AT23: =SEARCH(" ",AS23) -> 8 | AU23: =MID(B23,AR23+2,90) -> CARLOS JEANPIERRE | AV23: =SEARCH(" ",AU23) -> 7
A24: 00036 | B24: AMES ESPINOZA, KIMBERLLY | C24: 75149675 | D24: 0 | E24: 0.010416667 | F24: 0 | G24: 0 | H24: 0 | I24: F | J24: 0 | K24: 0 | L24: 0 | M24: 0.0013888889 | N24: 0 | O24: 0 | P24: 0.00625 | Q24: 0.014583333 | R24: 0.0125 | S24: 0 | T24: 0 | U24: 0 | V24: 0 | W24: 0.0125 | X24: 0 | Y24: 0 | Z24: 0.011111111 | AA24: 0 | AB24: 0 | AC24: 0.0048611111 | AD24: 0 | AE24: 0 | AF24: 0 | AG24: 0.026388889 | AH24: F | AJ24: 1 | AK24: =COUNTA(D24:AI24) -> 31 | AL24: 0.0069444444 | AM24: =COUNTIF(D24:AI24, ">00:10") -> 6 | AN24: =+AM24/AK24 -> 0.19354839 | AO24: =COUNTIF(D24:AI24,"F") -> 2 | AP24: ACTIVO | AQ24: =CONCATENATE(AU24," ",(MID(AS24,1,AT24-1))) -> KIMBERLLY AMES | AR24: =SEARCH(",",B24) -> 14 | AS24: =MID(B24,1,AR24-1) -> AMES ESPINOZA | AT24: =SEARCH(" ",AS24) -> 5 | AU24: =MID(B24,AR24+2,90) -> KIMBERLLY | AV24: =SEARCH(" ",AU24) -> #VALUE!
A25: 00037 | B25: ALVARADO ECHAIZ, LILIANA | C25: 15739413 | D25: 0.0076388889 | E25: 0 | F25: 0.0055555556 | G25: 0 | H25: 0.00625 | I25: F | J25: 0 | K25: 0.0055555556 | L25: 0.0041666667 | M25: 0.0083333333 | N25: 0 | O25: 0.0083333333 | P25: 0.0125 | Q25: 0.0097222222 | R25: 0.0083333333 | S25: 0 | T25: 0 | U25: 0 | V25: 0 | W25: 0.013194444 | X25: 0.015972222 | Y25: 0.011805556 | Z25: 0 | AA25: 0 | AB25: 0 | AC25: 0.0048611111 | AD25: 0.013888889 | AE25: 0.0083333333 | AF25: 0.018055556 | AG25: 0 | AH25: 0.011111111 | AJ25: 1 | AK25: =COUNTA(D25:AI25) -> 31 | AL25: 0.0069444444 | AM25: =COUNTIF(D25:AI25, ">00:10") -> 13 | AN25: =+AM25/AK25 -> 0.41935484 | AO25: =COUNTIF(D25:AI25,"F") -> 1 | AP25: ACTIVO | AQ25: =CONCATENATE(AU25," ",(MID(AS25,1,AT25-1))) -> LILIANA ALVARADO | AR25: =SEARCH(",",B25) -> 16 | AS25: =MID(B25,1,AR25-1) -> ALVARADO ECHAIZ | AT25: =SEARCH(" ",AS25) -> 9 | AU25: =MID(B25,AR25+2,90) -> LILIANA | AV25: =SEARCH(" ",AU25) -> #VALUE!
A26: 00038 | B26: MAYTA HUANCA, LUZ GABY | C26: 73655629 | D26: F | E26: F | F26: F | G26: 0 | H26: F | I26: F | J26: 0 | K26: F | L26: F | M26: F | N26: 0 | O26: 0 | P26: 0 | Q26: 0 | R26: 0 | S26: 0 | T26: 0 | U26: 0 | V26: 0 | W26: 0 | X26: 0 | Y26: 0 | Z26: 0 | AA26: 0 | AB26: 0 | AC26: 0 | AD26: 0 | AE26: 0 | AF26: 0 | AG26: 0 | AH26: 0 | AJ26: 1 | AK26: =COUNTA(D26:AI26) -> 31 | AL26: 0.0069444444 | AM26: =COUNTIF(D26:AI26, ">00:10") -> 0 | AN26: =+AM26/AK26 -> 0 | AO26: =COUNTIF(D26:AI26,"F") -> 8 | AP26: =VLOOKUP(B26,Hoja3!$A$1:$B$14,2,0) -> CESADO | AQ26: =CONCATENATE(MID(AU26,1,AV26-1)," ",(MID(AS26,1,AT26-1))) -> LUZ MAYTA | AR26: =SEARCH(",",B26) -> 13 | AS26: =MID(B26,1,AR26-1) -> MAYTA HUANCA | AT26: =SEARCH(" ",AS26) -> 6 | AU26: =MID(B26,AR26+2,90) -> LUZ GABY | AV26: =SEARCH(" ",AU26) -> 4
A27: 00039 | B27: ALVAREZ MINAYA, BRIGHITTE SONIA | C27: 74071396 | D27: 0.011805556 | E27: 0.011111111 | F27: 0 | G27: 0 | H27: 0.0020833333 | I27: F | J27: 0 | K27: 0.0097222222 | L27: 0.033333333 | M27: F | N27: 0 | O27: 0 | P27: 0 | Q27: 0 | R27: 0 | S27: 0 | T27: 0 | U27: 0 | V27: 0 | W27: 0 | X27: 0 | Y27: 0 | Z27: 0 | AA27: 0 | AB27: 0 | AC27: 0 | AD27: 0 | AE27: 0 | AF27: 0 | AG27: 0 | AH27: 0 | AJ27: 1 | AK27: =COUNTA(D27:AI27) -> 31 | AL27: 0.0069444444 | AM27: =COUNTIF(D27:AI27, ">00:10") -> 4 | AN27: =+AM27/AK27 -> 0.12903226 | AO27: =COUNTIF(D27:AI27,"F") -> 2 | AP27: CESADO | AQ27: =CONCATENATE(MID(AU27,1,AV27-1)," ",(MID(AS27,1,AT27-1))) -> BRIGHITTE ALVAREZ | AR27: =SEARCH(",",B27) -> 15 | AS27: =MID(B27,1,AR27-1) -> ALVAREZ MINAYA | AT27: =SEARCH(" ",AS27) -> 8 | AU27: =MID(B27,AR27+2,90) -> BRIGHITTE SONIA | AV27: =SEARCH(" ",AU27) -> 10
A28: 00040 | B28: MERMA CHILA, MANUEL ENRIQUE | C28: 75925906 | D28: 0 | E28: 0 | F28: 0 | G28: 0 | H28: 0 | I28: 0 | J28: 0 | K28: 5:04 | L28: 0 | M28: 0 | N28: 0 | O28: 0.0013888889 | P28: 0 | Q28: 0.00069444444 | R28: 0 | S28: 0 | T28: 0 | U28: 0 | V28: 0 | W28: 0 | X28: 0 | Y28: 0.00625 | Z28: 0 | AA28: 0 | AB28: 0 | AC28: 0 | AD28: 0.00625 | AE28: 0 | AF28: 0 | AG28: 0 | AH28: 0 | AJ28: 1 | AK28: =COUNTA(D28:AI28) -> 31 | AL28: 0.0069444444 | AM28: =COUNTIF(D28:AI28, ">00:10") -> 0 | AN28: =+AM28/AK28 -> 0 | AO28: =COUNTIF(D28:AI28,"F") -> 0 | AP28: ACTIVO | AQ28: =CONCATENATE(MID(AU28,1,AV28-1)," ",(MID(AS28,1,AT28-1))) -> MANUEL MERMA | AR28: =SEARCH(",",B28) -> 12 | AS28: =MID(B28,1,AR28-1) -> MERMA CHILA | AT28: =SEARCH(" ",AS28) -> 6 | AU28: =MID(B28,AR28+2,90) -> MANUEL ENRIQUE | AV28: =SEARCH(" ",AU28) -> 7
A29: 00041 | B29: SANCHEZ PANAIFO, GRECIA DANNAE | C29: 48420673 | D29: 0 | E29: 0 | F29: 0 | G29: 0 | H29: 0 | I29: 0 | J29: 0 | K29: 0 | L29: 0 | M29: 0 | N29: 0 | O29: 0 | P29: 0 | Q29: 0 | R29: F | S29: F | T29: 0 | U29: 0 | V29: 0 | W29: F | X29: F | Y29: F | Z29: F | AA29: F | AB29: 0 | AC29: F | AD29: F | AE29: 0 | AF29: 0 | AG29: 0.0041666667 | AH29: 0.0097222222 | AJ29: 1 | AK29: =COUNTA(D29:AI29) -> 31 | AL29: 0.0069444444 | AM29: =COUNTIF(D29:AI29, ">00:10") -> 1 | AN29: =+AM29/AK29 -> 0.032258065 | AO29: =COUNTIF(D29:AI29,"F") -> 9 | AP29: ACTIVO | AQ29: =CONCATENATE(MID(AU29,1,AV29-1)," ",(MID(AS29,1,AT29-1))) -> GRECIA SANCHEZ | AR29: =SEARCH(",",B29) -> 16 | AS29: =MID(B29,1,AR29-1) -> SANCHEZ PANAIFO | AT29: =SEARCH(" ",AS29) -> 8 | AU29: =MID(B29,AR29+2,90) -> GRECIA DANNAE | AV29: =SEARCH(" ",AU29) -> 7
A30: 00042 | B30: CHAVEZ GUILLEN, DIANA CAROLINA | C30: 71007128 | D30: 0 | E30: 0 | F30: 0 | G30: 0 | H30: 0 | I30: 0 | J30: 0 | K30: 0 | L30: 0 | M30: 0 | N30: 0 | O30: 0 | P30: 0 | Q30: 0 | R30: 0 | S30: 4:07 | T30: 0 | U30: 0 | V30: 0 | W30: 0 | X30: 0 | Y30: 0 | Z30: 0 | AA30: 0 | AB30: 0 | AC30: 0 | AD30: 0 | AE30: 0 | AF30: 0.0013888889 | AG30: 0 | AH30: 0.00069444444 | AJ30: 1 | AK30: =COUNTA(D30:AI30) -> 31 | AL30: 0.0069444444 | AM30: =COUNTIF(D30:AI30, ">00:10") -> 0 | AN30: =+AM30/AK30 -> 0 | AO30: =COUNTIF(D30:AI30,"F") -> 0 | AP30: =VLOOKUP(B30,Hoja3!$A$1:$B$14,2,0) -> CESADO | AQ30: =CONCATENATE(MID(AU30,1,AV30-1)," ",(MID(AS30,1,AT30-1))) -> DIANA CHAVEZ | AR30: =SEARCH(",",B30) -> 15 | AS30: =MID(B30,1,AR30-1) -> CHAVEZ GUILLEN | AT30: =SEARCH(" ",AS30) -> 7 | AU30: =MID(B30,AR30+2,90) -> DIANA CAROLINA | AV30: =SEARCH(" ",AU30) -> 6
A31: 00043 | B31: URDAY CHOQUE, JONATHAN EDGARD | C31: 71432329 | D31: 0 | E31: 0 | F31: 0 | G31: 0 | H31: 0 | I31: 0 | J31: 0 | K31: 0 | L31: 0 | M31: 0 | N31: 0 | O31: 0 | P31: 0 | Q31: 0 | R31: 0 | S31: 0 | T31: 0 | U31: 0 | V31: 0 | W31: 0 | X31: 0 | Y31: 0 | Z31: 0 | AA31: 0 | AB31: 0 | AC31: 0 | AD31: 0 | AE31: 0 | AF31: 0 | AG31: 0 | AH31: 0.00069444444 | AJ31: 1 | AK31: =COUNTA(D31:AI31) -> 31 | AL31: 0.0069444444 | AM31: =COUNTIF(D31:AI31, ">00:10") -> 0 | AN31: =+AM31/AK31 -> 0 | AO31: =COUNTIF(D31:AI31,"F") -> 0 | AP31: ACTIVO | AQ31: =CONCATENATE(MID(AU31,1,AV31-1)," ",(MID(AS31,1,AT31-1))) -> JONATHAN URDAY | AR31: =SEARCH(",",B31) -> 13 | AS31: =MID(B31,1,AR31-1) -> URDAY CHOQUE | AT31: =SEARCH(" ",AS31) -> 6 | AU31: =MID(B31,AR31+2,90) -> JONATHAN EDGARD | AV31: =SEARCH(" ",AU31) -> 9
A32: 00044 | B32: PEREZ VERA, MARLENE BETTY | C32: 72092638 | D32: 0 | E32: 0 | F32: 0 | G32: 0 | H32: 0 | I32: 0 | J32: 0 | K32: 0 | L32: 0 | M32: 0 | N32: 0 | O32: 0 | P32: 0 | Q32: 0 | R32: 0 | S32: 4:07 | T32: 0 | U32: 0 | V32: 0 | W32: 0 | X32: 0 | Y32: 0 | Z32: 0 | AA32: 0 | AB32: 0 | AC32: 0 | AD32: 0 | AE32: 0 | AF32: 0 | AG32: 0 | AH32: 0 | AJ32: 1 | AK32: =COUNTA(D32:AI32) -> 31 | AL32: 0.0069444444 | AM32: =COUNTIF(D32:AI32, ">00:10") -> 0 | AN32: =+AM32/AK32 -> 0 | AO32: =COUNTIF(D32:AI32,"F") -> 0 | AP32: =VLOOKUP(B32,Hoja3!$A$1:$B$14,2,0) -> CESADO | AQ32: =CONCATENATE(MID(AU32,1,AV32-1)," ",(MID(AS32,1,AT32-1))) -> MARLENE PEREZ | AR32: =SEARCH(",",B32) -> 11 | AS32: =MID(B32,1,AR32-1) -> PEREZ VERA | AT32: =SEARCH(" ",AS32) -> 6 | AU32: =MID(B32,AR32+2,90) -> MARLENE BETTY | AV32: =SEARCH(" ",AU32) -> 8
A33: 00045 | B33: ALARCON MONTALVAN, YAEL ASHLEY | C33: 73354131 | D33: 0 | E33: 0 | F33: 0 | G33: 0 | H33: 0 | I33: 0 | J33: 0 | K33: 0 | L33: 0 | M33: 0 | N33: 0 | O33: 0 | P33: 0 | Q33: 0 | R33: 0 | S33: 0 | T33: 0 | U33: 0 | V33: 0 | W33: 0 | X33: 0 | Y33: F | Z33: F | AA33: F | AB33: 0 | AC33: F | AD33: F | AE33: 0 | AF33: 0 | AG33: 0.015972222 | AH33: 0 | AJ33: 1 | AK33: =COUNTA(D33:AI33) -> 31 | AL33: 0.0069444444 | AM33: =COUNTIF(D33:AI33, ">00:10") -> 1 | AN33: =+AM33/AK33 -> 0.032258065 | AO33: =COUNTIF(D33:AI33,"F") -> 5 | AP33: =VLOOKUP(B33,Hoja3!$A$1:$B$14,2,0) -> CESADO | AQ33: =CONCATENATE(MID(AU33,1,AV33-1)," ",(MID(AS33,1,AT33-1))) -> YAEL ALARCON | AR33: =SEARCH(",",B33) -> 18 | AS33: =MID(B33,1,AR33-1) -> ALARCON MONTALVAN | AT33: =SEARCH(" ",AS33) -> 8 | AU33: =MID(B33,AR33+2,90) -> YAEL ASHLEY | AV33: =SEARCH(" ",AU33) -> 5
A34: 00001 | B34: CACERES CORDOVA, ROCIO SANDRA | C34: 48429690 | D34: 0 | E34: 0.015277778 | F34: 0.013194444 | G34: 0.025694444 | H34: 0.0097222222 | I34: 0.011805556 | J34: 0 | K34: 0 | L34: 0.0097222222 | M34: 0.013194444 | N34: 0.023611111 | O34: 0.0048611111 | P34: 0.019444444 | Q34: 0 | R34: 0 | S34: 0.01875 | T34: 0.014583333 | U34: 0.013194444 | V34: 0.021527778 | W34: 0.017361111 | X34: 0 | Y34: 0 | Z34: 0.0083333333 | AA34: 0.017361111 | AB34: 0.0069444444 | AC34: 0.019444444 | AD34: F | AE34: 0.00625 | AF34: 0 | AG34: 0.027777778 | AH34: 0.01875 | AJ34: 2 | AK34: =COUNTA(D34:AI34) -> 31 | AL34: 0.0069444444 | AM34: =COUNTIF(D34:AI34, ">00:10") -> 19 | AN34: =+AM34/AK34 -> 0.61290323 | AO34: =COUNTIF(D34:AI34,"F") -> 1 | AP34: ACTIVO | AQ34: =CONCATENATE(MID(AU34,1,AV34-1)," ",(MID(AS34,1,AT34-1))) -> ROCIO CACERES | AR34: =SEARCH(",",B34) -> 16 | AS34: =MID(B34,1,AR34-1) -> CACERES CORDOVA | AT34: =SEARCH(" ",AS34) -> 8 | AU34: =MID(B34,AR34+2,90) -> ROCIO SANDRA | AV34: =SEARCH(" ",AU34) -> 6
A35: 00003 | B35: LLANOS YAURI, LOURDES LUCIA | C35: 10602846 | D35: 0 | E35: 0.019444444 | F35: 0.010416667 | G35: 0.017361111 | H35: 0.025 | I35: 0.019444444 | J35: 0.020833333 | K35: 0 | L35: 0.033333333 | M35: 0.029861111 | N35: 0.025694444 | O35: 0.015277778 | P35: 0.022916667 | Q35: 0.030555556 | R35: 0 | S35: 0.0375 | T35: 0.022916667 | U35: 0.020833333 | V35: 0.027083333 | W35: 1:15 | X35: 0.01875 | Y35: 0 | Z35: 0 | AA35: 0.011111111 | AB35: 0.025694444 | AC35: 0.0013888889 | AD35: 0.011805556 | AE35: 0 | AF35: 0 | AG35: 0.016666667 | AH35: 0.022916667 | AJ35: 2 | AK35: =COUNTA(D35:AI35) -> 31 | AL35: 0.0069444444 | AM35: =COUNTIF(D35:AI35, ">00:10") -> 22 | AN35: =+AM35/AK35 -> 0.70967742 | AO35: =COUNTIF(D35:AI35,"F") -> 0 | AP35: ACTIVO | AQ35: =CONCATENATE(MID(AU35,1,AV35-1)," ",(MID(AS35,1,AT35-1))) -> LOURDES LLANOS | AR35: =SEARCH(",",B35) -> 13 | AS35: =MID(B35,1,AR35-1) -> LLANOS YAURI | AT35: =SEARCH(" ",AS35) -> 7 | AU35: =MID(B35,AR35+2,90) -> LOURDES LUCIA | AV35: =SEARCH(" ",AU35) -> 8
A36: 00004 | B36: TICLLA RAMOS, MARIELLA | C36: 72262268 | D36: 0 | E36: 0.027083333 | F36: 0 | G36: 0.010416667 | H36: 0 | I36: 0.01875 | J36: 0.0034722222 | K36: 0 | L36: 0.013194444 | M36: 0.023611111 | N36: 0.0083333333 | O36: 0.021527778 | P36: 0.018055556 | Q36: 0.0069444444 | R36: 0 | S36: 0.0097222222 | T36: 0.016666667 | U36: 0.0125 | V36: 0.014583333 | W36: 0.01875 | X36: 0.0076388889 | Y36: 0 | Z36: 0 | AA36: 0.0027777778 | AB36: 0.020138889 | AC36: 0.0013888889 | AD36: 0.0076388889 | AE36: 0.013194444 | AF36: 0 | AG36: 0.0069444444 | AH36: 0.016666667 | AJ36: 2 | AK36: =COUNTA(D36:AI36) -> 31 | AL36: 0.0069444444 | AM36: =COUNTIF(D36:AI36, ">00:10") -> 18 | AN36: =+AM36/AK36 -> 0.58064516 | AO36: =COUNTIF(D36:AI36,"F") -> 0 | AP36: ACTIVO | AQ36: =CONCATENATE(AU36," ",(MID(AS36,1,AT36-1))) -> MARIELLA TICLLA | AR36: =SEARCH(",",B36) -> 13 | AS36: =MID(B36,1,AR36-1) -> TICLLA RAMOS | AT36: =SEARCH(" ",AS36) -> 7 | AU36: =MID(B36,AR36+2,90) -> MARIELLA | AV36: =SEARCH(" ",AU36) -> #VALUE!
A37: 00006 | B37: PARIONA ROSAS, RICHARD | C37: 71001774 | D37: 0 | E37: 0 | F37: 0 | G37: 0.0076388889 | H37: 0.0083333333 | I37: 0.0020833333 | J37: 0.00625 | K37: 0 | L37: 0.0048611111 | M37: 0.0125 | N37: 0.0069444444 | O37: 0.028472222 | P37: 0.0034722222 | Q37: 0.0076388889 | R37: 0 | S37: 0.0013888889 | T37: 0.0125 | U37: 0.0055555556 | V37: 0.0034722222 | W37: 0 | X37: 0.0013888889 | Y37: 0 | Z37: 0.0020833333 | AA37: 0.0013888889 | AB37: 0.00069444444 | AC37: 0.00625 | AD37: 0 | AE37: 0.0375 | AF37: 0 | AG37: 0.0027777778 | AH37: 0.0013888889 | AJ37: 2 | AK37: =COUNTA(D37:AI37) -> 31 | AL37: 0.0069444444 | AM37: =COUNTIF(D37:AI37, ">00:10") -> 7 | AN37: =+AM37/AK37 -> 0.22580645 | AO37: =COUNTIF(D37:AI37,"F") -> 0 | AP37: ACTIVO | AQ37: =CONCATENATE(AU37," ",(MID(AS37,1,AT37-1))) -> RICHARD PARIONA | AR37: =SEARCH(",",B37) -> 14 | AS37: =MID(B37,1,AR37-1) -> PARIONA ROSAS | AT37: =SEARCH(" ",AS37) -> 8 | AU37: =MID(B37,AR37+2,90) -> RICHARD | AV37: =SEARCH(" ",AU37) -> #VALUE!
A38: 00007 | B38: GALINDO MERA, YAHAIRA LUZMILA | C38: 70655433 | D38: 0 | E38: 0.0125 | F38: 0.020138889 | G38: 0.016666667 | H38: 0.013888889 | I38: 0.0013888889 | J38: 0.0097222222 | K38: 0 | L38: 0 | M38: 0.0097222222 | N38: 0.014583333 | O38: 0.015277778 | P38: 0.018055556 | Q38: 0.0097222222 | R38: 0 | S38: 0 | T38: 0.015972222 | U38: 0.032638889 | V38: 0.040277778 | W38: 0.0048611111 | X38: 0.018055556 | Y38: 0 | Z38: 0.015277778 | AA38: 0.019444444 | AB38: 0.029861111 | AC38: 0.011805556 | AD38: 0.0076388889 | AE38: 0.0097222222 | AF38: 0 | AG38: 0.011805556 | AH38: 0.038888889 | AJ38: 2 | AK38: =COUNTA(D38:AI38) -> 31 | AL38: 0.0069444444 | AM38: =COUNTIF(D38:AI38, ">00:10") -> 22 | AN38: =+AM38/AK38 -> 0.70967742 | AO38: =COUNTIF(D38:AI38,"F") -> 0 | AP38: =VLOOKUP(B38,Hoja3!$A$1:$B$14,2,0) -> CESADO | AQ38: =CONCATENATE(MID(AU38,1,AV38-1)," ",(MID(AS38,1,AT38-1))) -> YAHAIRA GALINDO | AR38: =SEARCH(",",B38) -> 13 | AS38: =MID(B38,1,AR38-1) -> GALINDO MERA | AT38: =SEARCH(" ",AS38) -> 8 | AU38: =MID(B38,AR38+2,90) -> YAHAIRA LUZMILA | AV38: =SEARCH(" ",AU38) -> 8
A39: 00008 | B39: LLANOS ANTAURCO, STEPHEN BORIS | C39: 46183969 | D39: 0 | E39: 0 | F39: 0 | G39: 0.014583333 | H39: 0.00625 | I39: 0.010416667 | J39: 0.0034722222 | K39: 0 | L39: 0 | M39: 0.0076388889 | N39: 0.0055555556 | O39: 0 | P39: 0.00625 | Q39: 0.0097222222 | R39: 0 | S39: 5:06 | T39: 0 | U39: 0.0020833333 | V39: 0.0027777778 | W39: 0.0083333333 | X39: 0 | Y39: 0 | Z39: 0 | AA39: 0.015277778 | AB39: 0.0048611111 | AC39: 0 | AD39: 0 | AE39: 0 | AF39: 0 | AG39: 0 | AH39: 0.0013888889 | AJ39: 2 | AK39: =COUNTA(D39:AI39) -> 31 | AL39: 0.0069444444 | AM39: =COUNTIF(D39:AI39, ">00:10") -> 6 | AN39: =+AM39/AK39 -> 0.19354839 | AO39: =COUNTIF(D39:AI39,"F") -> 0 | AP39: ACTIVO | AQ39: =CONCATENATE(MID(AU39,1,AV39-1)," ",(MID(AS39,1,AT39-1))) -> STEPHEN LLANOS | AR39: =SEARCH(",",B39) -> 16 | AS39: =MID(B39,1,AR39-1) -> LLANOS ANTAURCO | AT39: =SEARCH(" ",AS39) -> 7 | AU39: =MID(B39,AR39+2,90) -> STEPHEN BORIS | AV39: =SEARCH(" ",AU39) -> 8
A40: 00010 | B40: CCAMA ARONI, LUZ MIRELLA | C40: 76575233 | D40: 0 | E40: 0.015972222 | F40: 0.01875 | G40: 0.019444444 | H40: 0.0125 | I40: 0.021527778 | J40: 0.0083333333 | K40: 0 | L40: 0.028472222 | M40: 0.0090277778 | N40: 0.020833333 | O40: 0.013194444 | P40: 0.019444444 | Q40: 0.022916667 | R40: 0 | S40: 0.0027777778 | T40: 0.022916667 | U40: 0.029166667 | V40: 0.021527778 | W40: 0.020833333 | X40: 0.029166667 | Y40: 0 | Z40: 0.020833333 | AA40: 0.013194444 | AB40: 0.025 | AC40: 0.016666667 | AD40: 0.016666667 | AE40: 0.020833333 | AF40: 0 | AG40: 0.020833333 | AH40: 0.027083333 | AJ40: 2 | AK40: =COUNTA(D40:AI40) -> 31 | AL40: 0.0069444444 | AM40: =COUNTIF(D40:AI40, ">00:10") -> 25 | AN40: =+AM40/AK40 -> 0.80645161 | AO40: =COUNTIF(D40:AI40,"F") -> 0 | AP40: ACTIVO | AQ40: =CONCATENATE(MID(AU40,1,AV40-1)," ",(MID(AS40,1,AT40-1))) -> LUZ CCAMA | AR40: =SEARCH(",",B40) -> 12 | AS40: =MID(B40,1,AR40-1) -> CCAMA ARONI | AT40: =SEARCH(" ",AS40) -> 6 | AU40: =MID(B40,AR40+2,90) -> LUZ MIRELLA | AV40: =SEARCH(" ",AU40) -> 4
A41: 00013 | B41: CAYCHO HUANCA, ANDREA ALESSANDRA | C41: 76227067 | D41: 0 | E41: 0.01875 | F41: 0.0020833333 | G41: 0.020833333 | H41: 0.016666667 | I41: 0.03125 | J41: 0.014583333 | K41: 0 | L41: 0.013194444 | M41: 0.020138889 | N41: 0.013888889 | O41: 0.025694444 | P41: 0.010416667 | Q41: 0.014583333 | R41: 0 | S41: 0.010416667 | T41: 0.020833333 | U41: 0.020833333 | V41: 0.015972222 | W41: 0.029861111 | X41: 0.013888889 | Y41: 0 | Z41: 0.010416667 | AA41: 0.014583333 | AB41: 0.022916667 | AC41: 0.020833333 | AD41: 0.0069444444 | AE41: 0.0097222222 | AF41: 0 | AG41: 0.016666667 | AH41: 0.020833333 | AJ41: 2 | AK41: =COUNTA(D41:AI41) -> 31 | AL41: 0.0069444444 | AM41: =COUNTIF(D41:AI41, ">00:10") -> 24 | AN41: =+AM41/AK41 -> 0.77419355 | AO41: =COUNTIF(D41:AI41,"F") -> 0 | AP41: CESADO | AQ41: =CONCATENATE(MID(AU41,1,AV41-1)," ",(MID(AS41,1,AT41-1))) -> ANDREA CAYCHO | AR41: =SEARCH(",",B41) -> 14 | AS41: =MID(B41,1,AR41-1) -> CAYCHO HUANCA | AT41: =SEARCH(" ",AS41) -> 7 | AU41: =MID(B41,AR41+2,90) -> ANDREA ALESSANDRA | AV41: =SEARCH(" ",AU41) -> 7
A42: 00014 | B42: PAREDES GUILLEN, ROCIO NOEMI | C42: 09930677 | D42: 0 | E42: 0 | F42: 0 | G42: 0 | H42: 0 | I42: 0 | J42: 0 | K42: 0 | L42: 0 | M42: 0 | N42: 0 | O42: 0 | P42: 0 | Q42: 0 | R42: 0 | S42: 0 | T42: 0.0034722222 | U42: 0.0055555556 | V42: 0 | W42: 0 | X42: 0 | Y42: 0 | Z42: F | AA42: F | AB42: 0 | AC42: 0 | AD42: F | AE42: 0 | AF42: 0 | AG42: 0 | AH42: 0 | AJ42: 2 | AK42: =COUNTA(D42:AI42) -> 31 | AL42: 0.0069444444 | AM42: =COUNTIF(D42:AI42, ">00:10") -> 0 | AN42: =+AM42/AK42 -> 0 | AO42: =COUNTIF(D42:AI42,"F") -> 3 | AP42: =VLOOKUP(B42,Hoja3!$A$1:$B$14,2,0) -> CESADO | AQ42: =CONCATENATE(MID(AU42,1,AV42-1)," ",(MID(AS42,1,AT42-1))) -> ROCIO PAREDES | AR42: =SEARCH(",",B42) -> 16 | AS42: =MID(B42,1,AR42-1) -> PAREDES GUILLEN | AT42: =SEARCH(" ",AS42) -> 8 | AU42: =MID(B42,AR42+2,90) -> ROCIO NOEMI | AV42: =SEARCH(" ",AU42) -> 6
A43: 00016 | B43: GUEVARA ENRIQUEZ, ROGELIO | C43: 70237404 | D43: 0 | E43: 0 | F43: 0 | G43: 0 | H43: 0 | I43: 0 | J43: 0 | K43: 0 | L43: 0 | M43: 0 | N43: 0 | O43: 0 | P43: 0.0013888889 | Q43: 0 | R43: 0 | S43: 0 | T43: 0 | U43: 0 | V43: 0 | W43: 0 | X43: 0.00069444444 | Y43: 0 | Z43: 0 | AA43: 0 | AB43: 0 | AC43: 0 | AD43: 0 | AE43: 0.0013888889 | AF43: 0 | AG43: 0.0090277778 | AH43: 0 | AJ43: 2 | AK43: =COUNTA(D43:AI43) -> 31 | AL43: 0.0069444444 | AM43: =COUNTIF(D43:AI43, ">00:10") -> 1 | AN43: =+AM43/AK43 -> 0.032258065 | AO43: =COUNTIF(D43:AI43,"F") -> 0 | AP43: =VLOOKUP(B43,Hoja3!$A$1:$B$14,2,0) -> CESADO | AQ43: =CONCATENATE(AU43," ",(MID(AS43,1,AT43-1))) -> ROGELIO GUEVARA | AR43: =SEARCH(",",B43) -> 17 | AS43: =MID(B43,1,AR43-1) -> GUEVARA ENRIQUEZ | AT43: =SEARCH(" ",AS43) -> 8 | AU43: =MID(B43,AR43+2,90) -> ROGELIO | AV43: =SEARCH(" ",AU43) -> #VALUE!
A44: 00017 | B44: ASIAN RAMIREZ, SILVIA LARITZA | C44: 70098369 | D44: 0 | E44: 0.013194444 | F44: 0 | G44: 0 | H44: 0.0097222222 | I44: 0 | J44: 0.0083333333 | K44: 0 | L44: 0.022916667 | M44: 0.0090277778 | N44: 0.014583333 | O44: 0.038194444 | P44: 1:31 | Q44: 0.00625 | R44: 0 | S44: 1:00 | T44: 0.020138889 | U44: 0.00625 | V44: 0.024305556 | W44: 0.030555556 | X44: 0.0048611111 | Y44: 0 | Z44: 0.0048611111 | AA44: 0.028472222 | AB44: 0.03125 | AC44: 0.022916667 | AD44: 0.023611111 | AE44: 0.019444444 | AF44: 0 | AG44: 0.025694444 | AH44: 0.016666667 | AJ44: 2 | AK44: =COUNTA(D44:AI44) -> 31 | AL44: 0.0069444444 | AM44: =COUNTIF(D44:AI44, ">00:10") -> 17 | AN44: =+AM44/AK44 -> 0.5483871 | AO44: =COUNTIF(D44:AI44,"F") -> 0 | AP44: =VLOOKUP(B44,Hoja3!$A$1:$B$14,2,0) -> CESADO | AQ44: =CONCATENATE(MID(AU44,1,AV44-1)," ",(MID(AS44,1,AT44-1))) -> SILVIA ASIAN | AR44: =SEARCH(",",B44) -> 14 | AS44: =MID(B44,1,AR44-1) -> ASIAN RAMIREZ | AT44: =SEARCH(" ",AS44) -> 6 | AU44: =MID(B44,AR44+2,90) -> SILVIA LARITZA | AV44: =SEARCH(" ",AU44) -> 7
A45: 00021 | B45: PRETELL PINTADO, ANGELICA DIANA | C45: 72648191 | D45: 0 | E45: 0.018055556 | F45: 0.015277778 | G45: 0.027777778 | H45: 0.015277778 | I45: 0.025694444 | J45: 0.013888889 | K45: 0 | L45: 0.016666667 | M45: 0.022916667 | N45: 0.028472222 | O45: 0 | P45: 0.0125 | Q45: 0.014583333 | R45: 0 | S45: 0.019444444 | T45: 0.020833333 | U45: 0.013888889 | V45: 0.015972222 | W45: 0.019444444 | X45: 0.015972222 | Y45: 0 | Z45: 0.020833333 | AA45: 0.019444444 | AB45: 0.016666667 | AC45: 0.019444444 | AD45: 0.023611111 | AE45: 0.011111111 | AF45: 0 | AG45: 0 | AH45: 0.025 | AJ45: 2 | AK45: =COUNTA(D45:AI45) -> 31 | AL45: 0.0069444444 | AM45: =COUNTIF(D45:AI45, ">00:10") -> 24 | AN45: =+AM45/AK45 -> 0.77419355 | AO45: =COUNTIF(D45:AI45,"F") -> 0 | AP45: CESADO | AQ45: =CONCATENATE(MID(AU45,1,AV45-1)," ",(MID(AS45,1,AT45-1))) -> ANGELICA PRETELL | AR45: =SEARCH(",",B45) -> 16 | AS45: =MID(B45,1,AR45-1) -> PRETELL PINTADO | AT45: =SEARCH(" ",AS45) -> 8 | AU45: =MID(B45,AR45+2,90) -> ANGELICA DIANA | AV45: =SEARCH(" ",AU45) -> 9
A46: 00022 | B46: TENORIO FELIX, SAMANTHA NICOLLE | C46: 72925189 | D46: 0 | E46: 0.024305556 | F46: F | G46: F | H46: F | I46: F | J46: 0 | K46: 0 | L46: 0.015277778 | M46: 0.019444444 | N46: 1:04 | O46: 0 | P46: 0.019444444 | Q46: 0.0069444444 | R46: 0 | S46: 0 | T46: 0.029861111 | U46: 0.0090277778 | V46: 0.024305556 | W46: 0.0034722222 | X46: 0 | Y46: 0 | Z46: 0.010416667 | AA46: 1:10 | AB46: F | AC46: F | AD46: F | AE46: F | AF46: 0 | AG46: F | AH46: F | AJ46: 2 | AK46: =COUNTA(D46:AI46) -> 31 | AL46: 0.0069444444 | AM46: =COUNTIF(D46:AI46, ">00:10") -> 8 | AN46: =+AM46/AK46 -> 0.25806452 | AO46: =COUNTIF(D46:AI46,"F") -> 10 | AP46: =VLOOKUP(B46,Hoja3!$A$1:$B$14,2,0) -> CESADO | AQ46: =CONCATENATE(MID(AU46,1,AV46-1)," ",(MID(AS46,1,AT46-1))) -> SAMANTHA TENORIO | AR46: =SEARCH(",",B46) -> 14 | AS46: =MID(B46,1,AR46-1) -> TENORIO FELIX | AT46: =SEARCH(" ",AS46) -> 8 | AU46: =MID(B46,AR46+2,90) -> SAMANTHA NICOLLE | AV46: =SEARCH(" ",AU46) -> 9
A47: 00023 | B47: LOPEZ FARIAS, CARLOS JOAQUIN | C47: 73619936 | D47: 0 | E47: 0.0041666667 | F47: 0 | G47: 0.025694444 | H47: 1:01 | I47: 0 | J47: 0.011111111 | K47: 0 | L47: 0.022916667 | M47: 0 | N47: 0.0090277778 | O47: 1:00 | P47: 0.0083333333 | Q47: 0.010416667 | R47: 0 | S47: 0.0034722222 | T47: 0 | U47: 0.0027777778 | V47: 0 | W47: 0.0041666667 | X47: 0.010416667 | Y47: 0 | Z47: 0 | AA47: 0.011111111 | AB47: 0.0048611111 | AC47: 0.010416667 | AD47: 0.0020833333 | AE47: 0 | AF47: 0 | AG47: 0.015972222 | AH47: 0.027083333 | AJ47: 2 | AK47: =COUNTA(D47:AI47) -> 31 | AL47: 0.0069444444 | AM47: =COUNTIF(D47:AI47, ">00:10") -> 11 | AN47: =+AM47/AK47 -> 0.35483871 | AO47: =COUNTIF(D47:AI47,"F") -> 0 | AP47: ACTIVO | AQ47: =CONCATENATE(MID(AU47,1,AV47-1)," ",(MID(AS47,1,AT47-1))) -> CARLOS LOPEZ | AR47: =SEARCH(",",B47) -> 13 | AS47: =MID(B47,1,AR47-1) -> LOPEZ FARIAS | AT47: =SEARCH(" ",AS47) -> 6 | AU47: =MID(B47,AR47+2,90) -> CARLOS JOAQUIN | AV47: =SEARCH(" ",AU47) -> 7
A48: 00024 | B48: LOPEZ CRUZ, JEFFERSON NORMAN | C48: 72754919 | D48: 0 | E48: 1:47 | F48: 0.0020833333 | G48: 0.015277778 | H48: 0.00625 | I48: 0.03125 | J48: 0.039583333 | K48: 0 | L48: 0.0048611111 | M48: 0.020833333 | N48: 0.011111111 | O48: 0.025694444 | P48: 0.023611111 | Q48: 0.014583333 | R48: 0 | S48: 0.0048611111 | T48: 0.018055556 | U48: 0.025 | V48: 0.025 | W48: 0.031944444 | X48: 0.030555556 | Y48: 0 | Z48: 0.011111111 | AA48: F | AB48: F | AC48: F | AD48: F | AE48: F | AF48: 0 | AG48: F | AH48: F | AJ48: 2 | AK48: =COUNTA(D48:AI48) -> 31 | AL48: 0.0069444444 | AM48: =COUNTIF(D48:AI48, ">00:10") -> 14 | AN48: =+AM48/AK48 -> 0.4516129 | AO48: =COUNTIF(D48:AI48,"F") -> 7 | AP48: =VLOOKUP(B48,Hoja3!$A$1:$B$14,2,0) -> CESADO | AQ48: =CONCATENATE(MID(AU48,1,AV48-1)," ",(MID(AS48,1,AT48-1))) -> JEFFERSON LOPEZ | AR48: =SEARCH(",",B48) -> 11 | AS48: =MID(B48,1,AR48-1) -> LOPEZ CRUZ | AT48: =SEARCH(" ",AS48) -> 6 | AU48: =MID(B48,AR48+2,90) -> JEFFERSON NORMAN | AV48: =SEARCH(" ",AU48) -> 10
A49: 00025 | B49: CRUZ TAIPE, RONY WALDIR | C49: 76848378 | D49: 0 | E49: 0 | F49: 0 | G49: 0 | H49: 0 | I49: 0 | J49: 0.0097222222 | K49: 0 | L49: 0.0090277778 | M49: 0.022222222 | N49: 0.00625 | O49: 0.014583333 | P49: 0.0097222222 | Q49: 0 | R49: 0 | S49: 0.021527778 | T49: 0 | U49: 0.0013888889 | V49: 0.0020833333 | W49: 0.010416667 | X49: 0.011111111 | Y49: 0 | Z49: 0.00069444444 | AA49: 0.0055555556 | AB49: 0.0055555556 | AC49: 0.0034722222 | AD49: 0.011111111 | AE49: 0.0375 | AF49: 0 | AG49: 0 | AH49: 0.0013888889 | AJ49: 2 | AK49: =COUNTA(D49:AI49) -> 31 | AL49: 0.0069444444 | AM49: =COUNTIF(D49:AI49, ">00:10") -> 10 | AN49: =+AM49/AK49 -> 0.32258065 | AO49: =COUNTIF(D49:AI49,"F") -> 0 | AP49: ACTIVO | AQ49: =CONCATENATE(MID(AU49,1,AV49-1)," ",(MID(AS49,1,AT49-1))) -> RONY CRUZ | AR49: =SEARCH(",",B49) -> 11 | AS49: =MID(B49,1,AR49-1) -> CRUZ TAIPE | AT49: =SEARCH(" ",AS49) -> 5 | AU49: =MID(B49,AR49+2,90) -> RONY WALDIR | AV49: =SEARCH(" ",AU49) -> 5
A50: 00026 | B50: ANDRADE MERA, MARQUIÑO ANTONY | C50: 74768155 | D50: 0 | E50: 0 | F50: 0.010416667 | G50: 0.015277778 | H50: 0.026388889 | I50: 0 | J50: 0.015277778 | K50: 0 | L50: 0 | M50: 0.0041666667 | N50: 0 | O50: 0.0097222222 | P50: 0.010416667 | Q50: 0 | R50: 0 | S50: 0 | T50: 0.0041666667 | U50: 0.0020833333 | V50: 0.00625 | W50: 0.0097222222 | X50: F | Y50: 0 | Z50: 0.0041666667 | AA50: 0 | AB50: 0 | AC50: 0 | AD50: 0 | AE50: 0 | AF50: 0 | AG50: 0.0083333333 | AH50: 0 | AJ50: 2 | AK50: =COUNTA(D50:AI50) -> 31 | AL50: 0.0069444444 | AM50: =COUNTIF(D50:AI50, ">00:10") -> 8 | AN50: =+AM50/AK50 -> 0.25806452 | AO50: =COUNTIF(D50:AI50,"F") -> 1 | AP50: CESADO | AQ50: =CONCATENATE(MID(AU50,1,AV50-1)," ",(MID(AS50,1,AT50-1))) -> MARQUIÑO ANDRADE | AR50: =SEARCH(",",B50) -> 13 | AS50: =MID(B50,1,AR50-1) -> ANDRADE MERA | AT50: =SEARCH(" ",AS50) -> 8 | AU50: =MID(B50,AR50+2,90) -> MARQUIÑO ANTONY | AV50: =SEARCH(" ",AU50) -> 9
A51: 00028 | B51: CLAROS NIETO, LITTA DANERY | C51: 47329796 | D51: 0 | E51: 0.0125 | F51: 0.020138889 | G51: 0 | H51: 0.013194444 | I51: 0.019444444 | J51: 0 | K51: 0 | L51: 0 | M51: 0.0076388889 | N51: 0 | O51: 0.024305556 | P51: 0.027083333 | Q51: 0 | R51: 0 | S51: 0 | T51: 0.022916667 | U51: 0.030555556 | V51: 0.027083333 | W51: 0.029861111 | X51: 0 | Y51: 0 | Z51: 0.0097222222 | AA51: 0 | AB51: 0 | AC51: 0.0076388889 | AD51: 0.021527778 | AE51: 0 | AF51: 0 | AG51: 0.013888889 | AH51: 0.025 | AJ51: 2 | AK51: =COUNTA(D51:AI51) -> 31 | AL51: 0.0069444444 | AM51: =COUNTIF(D51:AI51, ">00:10") -> 16 | AN51: =+AM51/AK51 -> 0.51612903 | AO51: =COUNTIF(D51:AI51,"F") -> 0 | AP51: =VLOOKUP(B51,Hoja3!$A$1:$B$14,2,0) -> CESADO | AQ51: =CONCATENATE(MID(AU51,1,AV51-1)," ",(MID(AS51,1,AT51-1))) -> LITTA CLAROS | AR51: =SEARCH(",",B51) -> 13 | AS51: =MID(B51,1,AR51-1) -> CLAROS NIETO | AT51: =SEARCH(" ",AS51) -> 7 | AU51: =MID(B51,AR51+2,90) -> LITTA DANERY | AV51: =SEARCH(" ",AU51) -> 6
A52: 00031 | B52: ZARATE SALAZAR, JOE | C52: 10157300 | D52: 0 | E52: F | F52: F | G52: F | H52: F | I52: F | J52: F | K52: 0 | L52: F | M52: F | N52: F | O52: F | P52: F | Q52: F | R52: 0 | S52: F | T52: F | U52: F | V52: F | W52: F | X52: F | Y52: 0 | Z52: F | AA52: F | AB52: F | AC52: F | AD52: F | AE52: F | AF52: 0 | AG52: F | AH52: F | AJ52: 2 | AK52: =COUNTA(D52:AI52) -> 31 | AL52: 0.0069444444 | AM52: =COUNTIF(D52:AI52, ">00:10") -> 0 | AN52: =+AM52/AK52 -> 0 | AO52: =COUNTIF(D52:AI52,"F") -> 26 | AP52: =VLOOKUP(B52,Hoja3!$A$1:$B$14,2,0) -> CESADO | AQ52: =CONCATENATE(AU52," ",(MID(AS52,1,AT52-1))) -> JOE ZARATE | AR52: =SEARCH(",",B52) -> 15 | AS52: =MID(B52,1,AR52-1) -> ZARATE SALAZAR | AT52: =SEARCH(" ",AS52) -> 7 | AU52: =MID(B52,AR52+2,90) -> JOE | AV52: =SEARCH(" ",AU52) -> #VALUE!
A53: 00034 | B53: MEJIA TORRES, FRANCISCO JAVIER | C53: 72350882 | D53: 0 | E53: 0.0041666667 | F53: 0.0020833333 | G53: 0 | H53: 0.0083333333 | I53: 0 | J53: 0 | K53: 0 | L53: 0.0041666667 | M53: 0.00069444444 | N53: 0.0027777778 | O53: 0 | P53: 0 | Q53: 0 | R53: 0 | S53: 0 | T53: 0.0069444444 | U53: 0.0048611111 | V53: 0 | W53: 0.0013888889 | X53: 0 | Y53: 0 | Z53: 0 | AA53: 0 | AB53: 0 | AC53: 0 | AD53: 0 | AE53: 0 | AF53: 0 | AG53: 0 | AH53: 0 | AJ53: 2 | AK53: =COUNTA(D53:AI53) -> 31 | AL53: 0.0069444444 | AM53: =COUNTIF(D53:AI53, ">00:10") -> 1 | AN53: =+AM53/AK53 -> 0.032258065 | AO53: =COUNTIF(D53:AI53,"F") -> 0 | AP53: ACTIVO | AQ53: =CONCATENATE(MID(AU53,1,AV53-1)," ",(MID(AS53,1,AT53-1))) -> FRANCISCO MEJIA | AR53: =SEARCH(",",B53) -> 13 | AS53: =MID(B53,1,AR53-1) -> MEJIA TORRES | AT53: =SEARCH(" ",AS53) -> 6 | AU53: =MID(B53,AR53+2,90) -> FRANCISCO JAVIER | AV53: =SEARCH(" ",AU53) -> 10
A54: 00035 | B54: GUEVARA CABELLO, CARLOS JEANPIERRE | C54: 74026944 | D54: 0 | E54: 0.016666667 | F54: 3:14 | G54: 0.011805556 | H54: 0.015972222 | I54: 0.0090277778 | J54: 0 | K54: 0 | L54: 0 | M54: 0.024305556 | N54: 0.010416667 | O54: 0 | P54: 0 | Q54: 0 | R54: 0 | S54: 0 | T54: 0.0069444444 | U54: 0 | V54: 0 | W54: 0.0069444444 | X54: 0 | Y54: 0 | Z54: F | AA54: 0.013888889 | AB54: 0 | AC54: 0.025694444 | AD54: 0 | AE54: 0.0048611111 | AF54: 0 | AG54: 0 | AH54: F | AJ54: 2 | AK54: =COUNTA(D54:AI54) -> 31 | AL54: 0.0069444444 | AM54: =COUNTIF(D54:AI54, ">00:10") -> 8 | AN54: =+AM54/AK54 -> 0.25806452 | AO54: =COUNTIF(D54:AI54,"F") -> 2 | AP54: ACTIVO | AQ54: =CONCATENATE(MID(AU54,1,AV54-1)," ",(MID(AS54,1,AT54-1))) -> CARLOS GUEVARA | AR54: =SEARCH(",",B54) -> 16 | AS54: =MID(B54,1,AR54-1) -> GUEVARA CABELLO | AT54: =SEARCH(" ",AS54) -> 8 | AU54: =MID(B54,AR54+2,90) -> CARLOS JEANPIERRE | AV54: =SEARCH(" ",AU54) -> 7
A55: 00036 | B55: AMES ESPINOZA, KIMBERLLY | C55: 75149675 | D55: 0 | E55: 0.0083333333 | F55: 0.018055556 | G55: 0.0083333333 | H55: 0 | I55: 0.027083333 | J55: 0 | K55: 0 | L55: 0.025 | M55: 0.011805556 | N55: F | O55: F | P55: F | Q55: 0.0041666667 | R55: 0 | S55: 0.013888889 | T55: 0 | U55: 0.029166667 | V55: 0.027777778 | W55: 0.0055555556 | X55: 0.0069444444 | Y55: 0 | Z55: 0.014583333 | AA55: 0.0076388889 | AB55: 0.013194444 | AC55: 0.013888889 | AD55: 0.022222222 | AE55: 0 | AF55: 0 | AG55: 0 | AH55: 0.020138889 | AJ55: 2 | AK55: =COUNTA(D55:AI55) -> 31 | AL55: 0.0069444444 | AM55: =COUNTIF(D55:AI55, ">00:10") -> 15 | AN55: =+AM55/AK55 -> 0.48387097 | AO55: =COUNTIF(D55:AI55,"F") -> 3 | AP55: ACTIVO | AQ55: =CONCATENATE(AU55," ",(MID(AS55,1,AT55-1))) -> KIMBERLLY AMES | AR55: =SEARCH(",",B55) -> 14 | AS55: =MID(B55,1,AR55-1) -> AMES ESPINOZA | AT55: =SEARCH(" ",AS55) -> 5 | AU55: =MID(B55,AR55+2,90) -> KIMBERLLY | AV55: =SEARCH(" ",AU55) -> #VALUE!
A56: 00037 | B56: ALVARADO ECHAIZ, LILIANA | C56: 15739413 | D56: 0 | E56: 0.011111111 | F56: 0.020138889 | G56: 0.011111111 | H56: 0.01875 | I56: 0.01875 | J56: 0.011805556 | K56: 0 | L56: 0.024305556 | M56: 0 | N56: 0 | O56: 0 | P56: 0.016666667 | Q56: 0.011805556 | R56: 0 | S56: 0.016666667 | T56: 0.016666667 | U56: 0 | V56: 0.039583333 | W56: 0.018055556 | X56: 0.011111111 | Y56: 0 | Z56: 0.015277778 | AA56: 0.015277778 | AB56: 0.011111111 | AC56: 0.013888889 | AD56: 0.0069444444 | AE56: 0.011111111 | AF56: 0 | AG56: 0.0090277778 | AH56: 0.018055556 | AJ56: 2 | AK56: =COUNTA(D56:AI56) -> 31 | AL56: 0.0069444444 | AM56: =COUNTIF(D56:AI56, ">00:10") -> 21 | AN56: =+AM56/AK56 -> 0.67741935 | AO56: =COUNTIF(D56:AI56,"F") -> 0 | AP56: ACTIVO | AQ56: =CONCATENATE(AU56," ",(MID(AS56,1,AT56-1))) -> LILIANA ALVARADO | AR56: =SEARCH(",",B56) -> 16 | AS56: =MID(B56,1,AR56-1) -> ALVARADO ECHAIZ | AT56: =SEARCH(" ",AS56) -> 9 | AU56: =MID(B56,AR56+2,90) -> LILIANA | AV56: =SEARCH(" ",AU56) -> #VALUE!
A57: 00040 | B57: MERMA CHILA, MANUEL ENRIQUE | C57: 75925906 | D57: 0 | E57: 0 | F57: 0 | G57: 0 | H57: 0 | I57: 0 | J57: 0 | K57: 0 | L57: 0 | M57: 0 | N57: 0 | O57: 0 | P57: 0.0041666667 | Q57: 0.0013888889 | R57: 0 | S57: 0 | T57: 0 | U57: 0.0027777778 | V57: 0.00069444444 | W57: 0.0027777778 | X57: 0 | Y57: 0 | Z57: 0.0013888889 | AA57: 0.0020833333 | AB57: 0 | AC57: 0.0034722222 | AD57: 0 | AE57: 0 | AF57: 0 | AG57: 0 | AH57: 0 | AJ57: 2 | AK57: =COUNTA(D57:AI57) -> 31 | AL57: 0.0069444444 | AM57: =COUNTIF(D57:AI57, ">00:10") -> 0 | AN57: =+AM57/AK57 -> 0 | AO57: =COUNTIF(D57:AI57,"F") -> 0 | AP57: ACTIVO | AQ57: =CONCATENATE(MID(AU57,1,AV57-1)," ",(MID(AS57,1,AT57-1))) -> MANUEL MERMA | AR57: =SEARCH(",",B57) -> 12 | AS57: =MID(B57,1,AR57-1) -> MERMA CHILA | AT57: =SEARCH(" ",AS57) -> 6 | AU57: =MID(B57,AR57+2,90) -> MANUEL ENRIQUE | AV57: =SEARCH(" ",AU57) -> 7
A58: 00041 | B58: SANCHEZ PANAIFO, GRECIA DANNAE | C58: 48420673 | D58: 0 | E58: 0.0041666667 | F58: 0 | G58: 0.0041666667 | H58: 0 | I58: 0 | J58: 0.015277778 | K58: 0 | L58: 0.0076388889 | M58: 0.011111111 | N58: 0 | O58: 0.015277778 | P58: 0.014583333 | Q58: 0.022916667 | R58: 0 | S58: 0 | T58: 0.010416667 | U58: 0 | V58: 0.00069444444 | W58: 0.0013888889 | X58: 0 | Y58: 0 | Z58: 0.00625 | AA58: 0.019444444 | AB58: 0 | AC58: 0.021527778 | AD58: 0.0069444444 | AE58: 0.0069444444 | AF58: 0 | AG58: 0.0013888889 | AH58: 0 | AJ58: 2 | AK58: =COUNTA(D58:AI58) -> 31 | AL58: 0.0069444444 | AM58: =COUNTIF(D58:AI58, ">00:10") -> 9 | AN58: =+AM58/AK58 -> 0.29032258 | AO58: =COUNTIF(D58:AI58,"F") -> 0 | AP58: ACTIVO | AQ58: =CONCATENATE(MID(AU58,1,AV58-1)," ",(MID(AS58,1,AT58-1))) -> GRECIA SANCHEZ | AR58: =SEARCH(",",B58) -> 16 | AS58: =MID(B58,1,AR58-1) -> SANCHEZ PANAIFO | AT58: =SEARCH(" ",AS58) -> 8 | AU58: =MID(B58,AR58+2,90) -> GRECIA DANNAE | AV58: =SEARCH(" ",AU58) -> 7
A59: 00042 | B59: CHAVEZ GUILLEN, DIANA CAROLINA | C59: 71007128 | D59: 0 | E59: 4:38 | F59: 0.0020833333 | G59: 0 | H59: 0.00625 | I59: 0 | J59: 0 | K59: 0 | L59: 0.00069444444 | M59: 0 | N59: 0 | O59: 0 | P59: 0 | Q59: 0 | R59: 0 | S59: 0 | T59: 0 | U59: 0 | V59: 0 | W59: 0.011805556 | X59: 0 | Y59: 0 | Z59: 0 | AA59: 0.00069444444 | AB59: 0.0076388889 | AC59: 0 | AD59: 0 | AE59: 0.0020833333 | AF59: 0 | AG59: 0 | AH59: 0 | AJ59: 2 | AK59: =COUNTA(D59:AI59) -> 31 | AL59: 0.0069444444 | AM59: =COUNTIF(D59:AI59, ">00:10") -> 2 | AN59: =+AM59/AK59 -> 0.064516129 | AO59: =COUNTIF(D59:AI59,"F") -> 0 | AP59: =VLOOKUP(B59,Hoja3!$A$1:$B$14,2,0) -> CESADO | AQ59: =CONCATENATE(MID(AU59,1,AV59-1)," ",(MID(AS59,1,AT59-1))) -> DIANA CHAVEZ | AR59: =SEARCH(",",B59) -> 15 | AS59: =MID(B59,1,AR59-1) -> CHAVEZ GUILLEN | AT59: =SEARCH(" ",AS59) -> 7 | AU59: =MID(B59,AR59+2,90) -> DIANA CAROLINA | AV59: =SEARCH(" ",AU59) -> 6
A60: 00043 | B60: URDAY CHOQUE, JONATHAN EDGARD | C60: 71432329 | D60: 0 | E60: 0 | F60: 0 | G60: 0 | H60: 0 | I60: 0 | J60: 0 | K60: 0 | L60: 0 | M60: 0 | N60: 0 | O60: 0 | P60: 0 | Q60: 0 | R60: 0 | S60: 0 | T60: 0 | U60: 0 | V60: 0 | W60: 0 | X60: 3:03 | Y60: 0 | Z60: 0 | AA60: 0 | AB60: 0.026388889 | AC60: 0 | AD60: 0 | AE60: 0 | AF60: 0 | AG60: 0 | AH60: 0 | AJ60: 2 | AK60: =COUNTA(D60:AI60) -> 31 | AL60: 0.0069444444 | AM60: =COUNTIF(D60:AI60, ">00:10") -> 1 | AN60: =+AM60/AK60 -> 0.032258065 | AO60: =COUNTIF(D60:AI60,"F") -> 0 | AP60: ACTIVO | AQ60: =CONCATENATE(MID(AU60,1,AV60-1)," ",(MID(AS60,1,AT60-1))) -> JONATHAN URDAY | AR60: =SEARCH(",",B60) -> 13 | AS60: =MID(B60,1,AR60-1) -> URDAY CHOQUE | AT60: =SEARCH(" ",AS60) -> 6 | AU60: =MID(B60,AR60+2,90) -> JONATHAN EDGARD | AV60: =SEARCH(" ",AU60) -> 9
A61: 00044 | B61: PEREZ VERA, MARLENE BETTY | C61: 72092638 | D61: 0 | E61: 0 | F61: 0 | G61: 0 | H61: 0 | I61: 0 | J61: 0.0020833333 | K61: 0 | L61: 0 | M61: 0 | N61: 0 | O61: 0 | P61: 0 | Q61: 0.0013888889 | R61: 0 | S61: 0 | T61: 0 | U61: 0.0013888889 | V61: 0 | W61: 0.0041666667 | X61: 0.0027777778 | Y61: 0 | Z61: 0 | AA61: 0 | AB61: 0 | AC61: 0.0083333333 | AD61: 2:19 | AE61: 0 | AF61: 0 | AG61: 0 | AH61: 0 | AJ61: 2 | AK61: =COUNTA(D61:AI61) -> 31 | AL61: 0.0069444444 | AM61: =COUNTIF(D61:AI61, ">00:10") -> 1 | AN61: =+AM61/AK61 -> 0.032258065 | AO61: =COUNTIF(D61:AI61,"F") -> 0 | AP61: =VLOOKUP(B61,Hoja3!$A$1:$B$14,2,0) -> CESADO | AQ61: =CONCATENATE(MID(AU61,1,AV61-1)," ",(MID(AS61,1,AT61-1))) -> MARLENE PEREZ | AR61: =SEARCH(",",B61) -> 11 | AS61: =MID(B61,1,AR61-1) -> PEREZ VERA | AT61: =SEARCH(" ",AS61) -> 6 | AU61: =MID(B61,AR61+2,90) -> MARLENE BETTY | AV61: =SEARCH(" ",AU61) -> 8
A62: 00045 | B62: ALARCON MONTALVAN, YAEL ASHLEY | C62: 73354131 | D62: 0 | E62: 0.028472222 | F62: 0 | G62: 0 | H62: 0.03125 | I62: 0.0069444444 | J62: 0 | K62: 0 | L62: 0.0069444444 | M62: 0.00069444444 | N62: 0 | O62: 0.022916667 | P62: 0 | Q62: 0.011805556 | R62: 0 | S62: 0.0020833333 | T62: 0.015972222 | U62: 0.0034722222 | V62: 1:02 | W62: 0 | X62: 0 | Y62: 0 | Z62: 0.013888889 | AA62: 0.0013888889 | AB62: 0.0055555556 | AC62: 0 | AD62: 0.0055555556 | AE62: 0 | AF62: 0 | AG62: 0.016666667 | AH62: 0.025 | AJ62: 2 | AK62: =COUNTA(D62:AI62) -> 31 | AL62: 0.0069444444 | AM62: =COUNTIF(D62:AI62, ">00:10") -> 8 | AN62: =+AM62/AK62 -> 0.25806452 | AO62: =COUNTIF(D62:AI62,"F") -> 0 | AP62: =VLOOKUP(B62,Hoja3!$A$1:$B$14,2,0) -> CESADO | AQ62: =CONCATENATE(MID(AU62,1,AV62-1)," ",(MID(AS62,1,AT62-1))) -> YAEL ALARCON | AR62: =SEARCH(",",B62) -> 18 | AS62: =MID(B62,1,AR62-1) -> ALARCON MONTALVAN | AT62: =SEARCH(" ",AS62) -> 8 | AU62: =MID(B62,AR62+2,90) -> YAEL ASHLEY | AV62: =SEARCH(" ",AU62) -> 5
A63: 00046 | B63: CORDOVA ZEVALLOS, JORGE ENRIQUE | C63: 74043790 | D63: 0 | E63: 0 | F63: 0 | G63: 0 | H63: 0 | I63: 0.0048611111 | J63: 0.0076388889 | K63: 0 | L63: F | M63: 0 | N63: 0.0013888889 | O63: 0.0020833333 | P63: 0.0097222222 | Q63: 0.0097222222 | R63: 0 | S63: 0.0125 | T63: F | U63: F | V63: F | W63: F | X63: F | Y63: 0 | Z63: 0.0069444444 | AA63: 0 | AB63: 0.0041666667 | AC63: F | AD63: F | AE63: 0.0076388889 | AF63: 0 | AJ63: 2 | AK63: =COUNTA(D63:AI63) -> 31 | AL63: 0.0069444444 | AM63: =COUNTIF(D63:AI63, ">00:10") -> 5 | AN63: =+AM63/AK63 -> 0.16129032 | AO63: =COUNTIF(D63:AI63,"F") -> 8 | AP63: ACTIVO | AQ63: =CONCATENATE(MID(AU63,1,AV63-1)," ",(MID(AS63,1,AT63-1))) -> JORGE CORDOVA | AR63: =SEARCH(",",B63) -> 17 | AS63: =MID(B63,1,AR63-1) -> CORDOVA ZEVALLOS | AT63: =SEARCH(" ",AS63) -> 8 | AU63: =MID(B63,AR63+2,90) -> JORGE ENRIQUE | AV63: =SEARCH(" ",AU63) -> 6
A64: 00001 | B64: CACERES CORDOVA, ROCIO SANDRA | C64: 48429690 | D64: 0.025 | E64: 0.028472222 | F64: 0.014583333 | G64: 0 | H64: 0 | I64: 0.019444444 | J64: 0.025694444 | K64: 0.0090277778 | L64: 0.020833333 | M64: 0.025 | N64: 0.011111111 | O64: 0 | P64: 0.027777778 | Q64: 0.025694444 | R64: 0.014583333 | S64: F | T64: 0.014583333 | U64: 0.00069444444 | V64: 0 | W64: 0.027777778 | X64: 0.01875 | Y64: 0.039583333 | Z64: 0.019444444 | AA64: 0.01875 | AB64: 0 | AC64: 0 | AD64: 0.036111111 | AE64: 0.03125 | AF64: 0 | AJ64: 3 | AK64: =COUNTA(D64:AI64) -> 29 | AL64: 0.0069444444 | AM64: =COUNTIF(D64:AI64, ">00:10") -> 20 | AN64: =+AM64/AK64 -> 0.68965517 | AO64: =COUNTIF(D64:AI64,"F") -> 1 | AP64: ACTIVO | AQ64: =CONCATENATE(MID(AU64,1,AV64-1)," ",(MID(AS64,1,AT64-1))) -> ROCIO CACERES | AR64: =SEARCH(",",B64) -> 16 | AS64: =MID(B64,1,AR64-1) -> CACERES CORDOVA | AT64: =SEARCH(" ",AS64) -> 8 | AU64: =MID(B64,AR64+2,90) -> ROCIO SANDRA | AV64: =SEARCH(" ",AU64) -> 6
A65: 00003 | B65: LLANOS YAURI, LOURDES LUCIA | C65: 10602846 | D65: 0.029166667 | E65: 0.014583333 | F65: 0.022916667 | G65: 0.019444444 | H65: 0 | I65: 0.027777778 | J65: 0.029166667 | K65: 1:12 | L65: 0.015972222 | M65: 1:30 | N65: 0.01875 | O65: 0 | P65: 0.034722222 | Q65: 0.0375 | R65: 0.011805556 | S65: 0.027083333 | T65: 0.022916667 | U65: 0.023611111 | V65: 0 | W65: 0.025 | X65: 0.0125 | Y65: 0.014583333 | Z65: 0.025 | AA65: 0.022916667 | AB65: 0.0069444444 | AC65: 0 | AD65: 0.039583333 | AE65: 0.029166667 | AF65: 0 | AJ65: 3 | AK65: =COUNTA(D65:AI65) -> 29 | AL65: 0.0069444444 | AM65: =COUNTIF(D65:AI65, ">00:10") -> 21 | AN65: =+AM65/AK65 -> 0.72413793 | AO65: =COUNTIF(D65:AI65,"F") -> 0 | AP65: ACTIVO | AQ65: =CONCATENATE(MID(AU65,1,AV65-1)," ",(MID(AS65,1,AT65-1))) -> LOURDES LLANOS | AR65: =SEARCH(",",B65) -> 13 | AS65: =MID(B65,1,AR65-1) -> LLANOS YAURI | AT65: =SEARCH(" ",AS65) -> 7 | AU65: =MID(B65,AR65+2,90) -> LOURDES LUCIA | AV65: =SEARCH(" ",AU65) -> 8
A66: 00004 | B66: TICLLA RAMOS, MARIELLA | C66: 72262268 | D66: 0.0083333333 | E66: 0.017361111 | F66: 0.030555556 | G66: 0.0097222222 | H66: 0 | I66: 0.0076388889 | J66: 0.021527778 | K66: 0.0090277778 | L66: 0.015277778 | M66: 0.0125 | N66: 0.0090277778 | O66: 0 | P66: 0.020138889 | Q66: 0.0097222222 | R66: 0.00625 | S66: 0.015972222 | T66: 0.03125 | U66: 0.0090277778 | V66: 0 | W66: 0.0069444444 | X66: 0.026388889 | Y66: 0.015972222 | Z66: 3:45 | AA66: 0.0020833333 | AB66: 0.011805556 | AC66: 0 | AD66: 0.0125 | AE66: 0.021527778 | AF66: 0 | AJ66: 3 | AK66: =COUNTA(D66:AI66) -> 29 | AL66: 0.0069444444 | AM66: =COUNTIF(D66:AI66, ">00:10") -> 20 | AN66: =+AM66/AK66 -> 0.68965517 | AO66: =COUNTIF(D66:AI66,"F") -> 0 | AP66: ACTIVO | AQ66: =CONCATENATE(AU66," ",(MID(AS66,1,AT66-1))) -> MARIELLA TICLLA | AR66: =SEARCH(",",B66) -> 13 | AS66: =MID(B66,1,AR66-1) -> TICLLA RAMOS | AT66: =SEARCH(" ",AS66) -> 7 | AU66: =MID(B66,AR66+2,90) -> MARIELLA | AV66: =SEARCH(" ",AU66) -> #VALUE!
A67: 00006 | B67: PARIONA ROSAS, RICHARD | C67: 71001774 | D67: 0 | E67: 0.0034722222 | F67: F | G67: F | H67: 0 | I67: 0 | J67: 0 | K67: 0 | L67: 0 | M67: 0 | N67: 0.0027777778 | O67: 0 | P67: 0 | Q67: 0.0041666667 | R67: 0.0097222222 | S67: 0.00625 | T67: 0.00625 | U67: 0.0097222222 | V67: 0 | W67: 0.0041666667 | X67: 0.0034722222 | Y67: 0 | Z67: 0.011805556 | AA67: 0.0055555556 | AB67: 0 | AC67: 0 | AD67: 0.0076388889 | AE67: 0.0097222222 | AF67: 0 | AJ67: 3 | AK67: =COUNTA(D67:AI67) -> 29 | AL67: 0.0069444444 | AM67: =COUNTIF(D67:AI67, ">00:10") -> 5 | AN67: =+AM67/AK67 -> 0.17241379 | AO67: =COUNTIF(D67:AI67,"F") -> 2 | AP67: ACTIVO | AQ67: =CONCATENATE(AU67," ",(MID(AS67,1,AT67-1))) -> RICHARD PARIONA | AR67: =SEARCH(",",B67) -> 14 | AS67: =MID(B67,1,AR67-1) -> PARIONA ROSAS | AT67: =SEARCH(" ",AS67) -> 8 | AU67: =MID(B67,AR67+2,90) -> RICHARD | AV67: =SEARCH(" ",AU67) -> #VALUE!
A68: 00007 | B68: GALINDO MERA, YAHAIRA LUZMILA | C68: 70655433 | D68: 0.019444444 | E68: 0.020833333 | F68: 0.025 | G68: 0.01875 | H68: 0 | I68: 0.0083333333 | J68: 0.025 | K68: 0.027083333 | L68: 0.040972222 | M68: 0.013888889 | N68: 0.013194444 | O68: 0 | P68: 0.011111111 | Q68: 0.020138889 | R68: 0.0055555556 | S68: 0 | T68: 0 | U68: 0 | V68: 0 | W68: 0 | X68: 0 | Y68: 0 | Z68: 0 | AA68: 0 | AB68: 0 | AC68: 0 | AD68: 0 | AE68: 0 | AF68: 0 | AJ68: 3 | AK68: =COUNTA(D68:AI68) -> 29 | AL68: 0.0069444444 | AM68: =COUNTIF(D68:AI68, ">00:10") -> 12 | AN68: =+AM68/AK68 -> 0.4137931 | AO68: =COUNTIF(D68:AI68,"F") -> 0 | AP68: =VLOOKUP(B68,Hoja3!$A$1:$B$14,2,0) -> CESADO | AQ68: =CONCATENATE(MID(AU68,1,AV68-1)," ",(MID(AS68,1,AT68-1))) -> YAHAIRA GALINDO | AR68: =SEARCH(",",B68) -> 13 | AS68: =MID(B68,1,AR68-1) -> GALINDO MERA | AT68: =SEARCH(" ",AS68) -> 8 | AU68: =MID(B68,AR68+2,90) -> YAHAIRA LUZMILA | AV68: =SEARCH(" ",AU68) -> 8
A69: 00008 | B69: LLANOS ANTAURCO, STEPHEN BORIS | C69: 46183969 | D69: 0.0125 | E69: 0.0027777778 | F69: 0.00069444444 | G69: 0.0034722222 | H69: 0 | I69: 0.015277778 | J69: 0.0069444444 | K69: 0.0034722222 | L69: 0.013888889 | M69: 0.0034722222 | N69: 0 | O69: 0 | P69: 0.00069444444 | Q69: 0.0027777778 | R69: 0.023611111 | S69: 0.010416667 | T69: 0.022222222 | U69: 0.0027777778 | V69: 0 | W69: 0.0055555556 | X69: 0.0097222222 | Y69: 0 | Z69: 0.011805556 | AA69: 0.0048611111 | AB69: 0.0076388889 | AC69: 0 | AD69: 0 | AE69: 0.0034722222 | AF69: 0 | AJ69: 3 | AK69: =COUNTA(D69:AI69) -> 29 | AL69: 0.0069444444 | AM69: =COUNTIF(D69:AI69, ">00:10") -> 9 | AN69: =+AM69/AK69 -> 0.31034483 | AO69: =COUNTIF(D69:AI69,"F") -> 0 | AP69: ACTIVO | AQ69: =CONCATENATE(MID(AU69,1,AV69-1)," ",(MID(AS69,1,AT69-1))) -> STEPHEN LLANOS | AR69: =SEARCH(",",B69) -> 16 | AS69: =MID(B69,1,AR69-1) -> LLANOS ANTAURCO | AT69: =SEARCH(" ",AS69) -> 7 | AU69: =MID(B69,AR69+2,90) -> STEPHEN BORIS | AV69: =SEARCH(" ",AU69) -> 8
A70: 00010 | B70: CCAMA ARONI, LUZ MIRELLA | C70: 76575233 | D70: 0.027777778 | E70: 0.01875 | F70: 0.022916667 | G70: 0.0125 | H70: 0 | I70: 0.014583333 | J70: 0.024305556 | K70: 0.010416667 | L70: 0.023611111 | M70: 0.018055556 | N70: 0.0125 | O70: 0 | P70: 0.025694444 | Q70: 0.0076388889 | R70: 0.01875 | S70: 0.011111111 | T70: 0.014583333 | U70: 0.025 | V70: 0 | W70: 0.016666667 | X70: 0.0125 | Y70: 0.01875 | Z70: 0.022916667 | AA70: 0.022916667 | AB70: 0.0055555556 | AC70: 0 | AD70: 0.0125 | AE70: 0.027083333 | AF70: 0 | AJ70: 3 | AK70: =COUNTA(D70:AI70) -> 29 | AL70: 0.0069444444 | AM70: =COUNTIF(D70:AI70, ">00:10") -> 23 | AN70: =+AM70/AK70 -> 0.79310345 | AO70: =COUNTIF(D70:AI70,"F") -> 0 | AP70: ACTIVO | AQ70: =CONCATENATE(MID(AU70,1,AV70-1)," ",(MID(AS70,1,AT70-1))) -> LUZ CCAMA | AR70: =SEARCH(",",B70) -> 12 | AS70: =MID(B70,1,AR70-1) -> CCAMA ARONI | AT70: =SEARCH(" ",AS70) -> 6 | AU70: =MID(B70,AR70+2,90) -> LUZ MIRELLA | AV70: =SEARCH(" ",AU70) -> 4
A71: 00013 | B71: CAYCHO HUANCA, ANDREA ALESSANDRA | C71: 76227067 | D71: 0.020833333 | E71: 0.026388889 | F71: 0.022222222 | G71: 0.015972222 | H71: 0 | I71: 0.017361111 | J71: 0.0083333333 | K71: 0.020833333 | L71: 0.014583333 | M71: 0.0125 | N71: 0.017361111 | O71: 0 | P71: 0.029166667 | Q71: 0.0041666667 | R71: 0.010416667 | S71: 0.022222222 | T71: 0.014583333 | U71: 0.011111111 | V71: 0 | W71: 0.011805556 | X71: 0.0076388889 | Y71: 0.014583333 | Z71: 0.014583333 | AA71: 0.01875 | AB71: 0.0041666667 | AC71: 0 | AD71: 0.0090277778 | AE71: 0.01875 | AF71: 0 | AJ71: 3 | AK71: =COUNTA(D71:AI71) -> 29 | AL71: 0.0069444444 | AM71: =COUNTIF(D71:AI71, ">00:10") -> 22 | AN71: =+AM71/AK71 -> 0.75862069 | AO71: =COUNTIF(D71:AI71,"F") -> 0 | AP71: CESADO | AQ71: =CONCATENATE(MID(AU71,1,AV71-1)," ",(MID(AS71,1,AT71-1))) -> ANDREA CAYCHO | AR71: =SEARCH(",",B71) -> 14 | AS71: =MID(B71,1,AR71-1) -> CAYCHO HUANCA | AT71: =SEARCH(" ",AS71) -> 7 | AU71: =MID(B71,AR71+2,90) -> ANDREA ALESSANDRA | AV71: =SEARCH(" ",AU71) -> 7
A72: 00014 | B72: PAREDES GUILLEN, ROCIO NOEMI | C72: 09930677 | D72: 0 | E72: 0 | F72: 0 | G72: 0 | H72: 0 | I72: 0 | J72: 0 | K72: 0 | L72: 0 | M72: 0 | N72: 0 | O72: 0 | P72: F | Q72: 0 | R72: 0 | S72: 0 | T72: 0 | U72: 0 | V72: 0 | W72: 0 | X72: 0 | Y72: 0 | Z72: 0 | AA72: 0 | AB72: 0 | AC72: 0 | AD72: 0 | AE72: 0 | AF72: 0 | AJ72: 3 | AK72: =COUNTA(D72:AI72) -> 29 | AL72: 0.0069444444 | AM72: =COUNTIF(D72:AI72, ">00:10") -> 0 | AN72: =+AM72/AK72 -> 0 | AO72: =COUNTIF(D72:AI72,"F") -> 1 | AP72: =VLOOKUP(B72,Hoja3!$A$1:$B$14,2,0) -> CESADO | AQ72: =CONCATENATE(MID(AU72,1,AV72-1)," ",(MID(AS72,1,AT72-1))) -> ROCIO PAREDES | AR72: =SEARCH(",",B72) -> 16 | AS72: =MID(B72,1,AR72-1) -> PAREDES GUILLEN | AT72: =SEARCH(" ",AS72) -> 8 | AU72: =MID(B72,AR72+2,90) -> ROCIO NOEMI | AV72: =SEARCH(" ",AU72) -> 6
A73: 00016 | B73: GUEVARA ENRIQUEZ, ROGELIO | C73: 70237404 | D73: 0 | E73: 0 | F73: 0.0090277778 | G73: 0 | H73: 0 | I73: 0 | J73: 0 | K73: 0 | L73: 0 | M73: 0 | N73: 0 | O73: 0 | P73: 0 | Q73: 0 | R73: 0 | S73: 0 | T73: 0 | U73: 0 | V73: 0 | W73: 0 | X73: 0 | Y73: 0 | Z73: 0 | AA73: 0 | AB73: 0 | AC73: 0 | AD73: 0 | AE73: 0 | AF73: 0 | AJ73: 3 | AK73: =COUNTA(D73:AI73) -> 29 | AL73: 0.0069444444 | AM73: =COUNTIF(D73:AI73, ">00:10") -> 1 | AN73: =+AM73/AK73 -> 0.034482759 | AO73: =COUNTIF(D73:AI73,"F") -> 0 | AP73: =VLOOKUP(B73,Hoja3!$A$1:$B$14,2,0) -> CESADO | AQ73: =CONCATENATE(AU73," ",(MID(AS73,1,AT73-1))) -> ROGELIO GUEVARA | AR73: =SEARCH(",",B73) -> 17 | AS73: =MID(B73,1,AR73-1) -> GUEVARA ENRIQUEZ | AT73: =SEARCH(" ",AS73) -> 8 | AU73: =MID(B73,AR73+2,90) -> ROGELIO | AV73: =SEARCH(" ",AU73) -> #VALUE!
A74: 00017 | B74: ASIAN RAMIREZ, SILVIA LARITZA | C74: 70098369 | D74: 0.021527778 | E74: 0.01875 | F74: 0.014583333 | G74: 0.020138889 | H74: 0 | I74: 0.017361111 | J74: 0.0125 | K74: 0.016666667 | L74: 0.020833333 | M74: 0.016666667 | N74: 0.025694444 | O74: 0 | P74: 0.038194444 | Q74: 0.01875 | R74: 0.014583333 | S74: 0.022916667 | T74: 0.010416667 | U74: 1:26 | V74: 0 | W74: 0.027083333 | X74: 0.028472222 | Y74: 0.028472222 | Z74: 0.038194444 | AA74: 0.025694444 | AB74: 0.0055555556 | AC74: 0 | AD74: 1:17 | AE74: 0.029166667 | AF74: 0 | AJ74: 3 | AK74: =COUNTA(D74:AI74) -> 29 | AL74: 0.0069444444 | AM74: =COUNTIF(D74:AI74, ">00:10") -> 21 | AN74: =+AM74/AK74 -> 0.72413793 | AO74: =COUNTIF(D74:AI74,"F") -> 0 | AP74: =VLOOKUP(B74,Hoja3!$A$1:$B$14,2,0) -> CESADO | AQ74: =CONCATENATE(MID(AU74,1,AV74-1)," ",(MID(AS74,1,AT74-1))) -> SILVIA ASIAN | AR74: =SEARCH(",",B74) -> 14 | AS74: =MID(B74,1,AR74-1) -> ASIAN RAMIREZ | AT74: =SEARCH(" ",AS74) -> 6 | AU74: =MID(B74,AR74+2,90) -> SILVIA LARITZA | AV74: =SEARCH(" ",AU74) -> 7
A75: 00021 | B75: PRETELL PINTADO, ANGELICA DIANA | C75: 72648191 | D75: 0.019444444 | E75: 0.020138889 | F75: 0.016666667 | G75: 0.0097222222 | H75: 0 | I75: 0.029861111 | J75: 0.020833333 | K75: 0.022916667 | L75: 0.014583333 | M75: 0.013194444 | N75: 0.017361111 | O75: 0 | P75: 0.017361111 | Q75: 0.0125 | R75: 0.030555556 | S75: 0.015972222 | T75: 0.010416667 | U75: 0.0069444444 | V75: 0 | W75: 0.018055556 | X75: 0.0125 | Y75: F | Z75: 0 | AA75: 0.015972222 | AB75: 0.0090277778 | AC75: 0 | AD75: 0.024305556 | AE75: 0.016666667 | AF75: 0 | AJ75: 3 | AK75: =COUNTA(D75:AI75) -> 29 | AL75: 0.0069444444 | AM75: =COUNTIF(D75:AI75, ">00:10") -> 21 | AN75: =+AM75/AK75 -> 0.72413793 | AO75: =COUNTIF(D75:AI75,"F") -> 1 | AP75: CESADO | AQ75: =CONCATENATE(MID(AU75,1,AV75-1)," ",(MID(AS75,1,AT75-1))) -> ANGELICA PRETELL | AR75: =SEARCH(",",B75) -> 16 | AS75: =MID(B75,1,AR75-1) -> PRETELL PINTADO | AT75: =SEARCH(" ",AS75) -> 8 | AU75: =MID(B75,AR75+2,90) -> ANGELICA DIANA | AV75: =SEARCH(" ",AU75) -> 9
A76: 00022 | B76: TENORIO FELIX, SAMANTHA NICOLLE | C76: 72925189 | D76: F | E76: F | F76: F | G76: F | H76: 0 | I76: F | J76: F | K76: F | L76: F | M76: F | N76: 0.0048611111 | O76: 0 | P76: 0.022916667 | Q76: 0 | R76: 0.0027777778 | S76: 0.014583333 | T76: 0.013194444 | U76: 0.011111111 | V76: 0 | W76: 0.0020833333 | X76: 0.036111111 | Y76: 0.0076388889 | Z76: 0.022222222 | AA76: 0 | AB76: 0.017361111 | AC76: 0 | AD76: 0.021527778 | AE76: 0.0041666667 | AF76: 0 | AJ76: 3 | AK76: =COUNTA(D76:AI76) -> 29 | AL76: 0.0069444444 | AM76: =COUNTIF(D76:AI76, ">00:10") -> 9 | AN76: =+AM76/AK76 -> 0.31034483 | AO76: =COUNTIF(D76:AI76,"F") -> 9 | AP76: =VLOOKUP(B76,Hoja3!$A$1:$B$14,2,0) -> CESADO | AQ76: =CONCATENATE(MID(AU76,1,AV76-1)," ",(MID(AS76,1,AT76-1))) -> SAMANTHA TENORIO | AR76: =SEARCH(",",B76) -> 14 | AS76: =MID(B76,1,AR76-1) -> TENORIO FELIX | AT76: =SEARCH(" ",AS76) -> 8 | AU76: =MID(B76,AR76+2,90) -> SAMANTHA NICOLLE | AV76: =SEARCH(" ",AU76) -> 9
A77: 00023 | B77: LOPEZ FARIAS, CARLOS JOAQUIN | C77: 73619936 | D77: 0 | E77: 0.016666667 | F77: 0.017361111 | G77: 0.013888889 | H77: 0 | I77: 0.011111111 | J77: 0.033333333 | K77: 0.016666667 | L77: 0 | M77: 0.0069444444 | N77: 0.013194444 | O77: 0 | P77: 0.019444444 | Q77: 0.022222222 | R77: 0.010416667 | S77: 0.020833333 | T77: 0.017361111 | U77: 0.0041666667 | V77: 0 | W77: 0.013888889 | X77: 0 | Y77: 0 | Z77: 0 | AA77: 0.00069444444 | AB77: 0 | AC77: 0 | AD77: 0 | AE77: 0 | AF77: 0 | AJ77: 3 | AK77: =COUNTA(D77:AI77) -> 29 | AL77: 0.0069444444 | AM77: =COUNTIF(D77:AI77, ">00:10") -> 13 | AN77: =+AM77/AK77 -> 0.44827586 | AO77: =COUNTIF(D77:AI77,"F") -> 0 | AP77: ACTIVO | AQ77: =CONCATENATE(MID(AU77,1,AV77-1)," ",(MID(AS77,1,AT77-1))) -> CARLOS LOPEZ | AR77: =SEARCH(",",B77) -> 13 | AS77: =MID(B77,1,AR77-1) -> LOPEZ FARIAS | AT77: =SEARCH(" ",AS77) -> 6 | AU77: =MID(B77,AR77+2,90) -> CARLOS JOAQUIN | AV77: =SEARCH(" ",AU77) -> 7
A78: 00024 | B78: LOPEZ CRUZ, JEFFERSON NORMAN | C78: 72754919 | D78: F | E78: F | F78: F | G78: F | H78: 0 | I78: F | J78: F | K78: F | L78: 0.0034722222 | M78: 0 | N78: 0.017361111 | O78: 0 | P78: 0.029166667 | Q78: 0.0034722222 | R78: 0.010416667 | S78: 0.024305556 | T78: 0.022222222 | U78: 0.015277778 | V78: 0 | W78: 0.011805556 | X78: 0.014583333 | Y78: 0.0090277778 | Z78: 0.020833333 | AA78: 0.021527778 | AB78: 0.0076388889 | AC78: 0 | AD78: 0.0027777778 | AE78: 0.01875 | AF78: 0 | AJ78: 3 | AK78: =COUNTA(D78:AI78) -> 29 | AL78: 0.0069444444 | AM78: =COUNTIF(D78:AI78, ">00:10") -> 13 | AN78: =+AM78/AK78 -> 0.44827586 | AO78: =COUNTIF(D78:AI78,"F") -> 7 | AP78: =VLOOKUP(B78,Hoja3!$A$1:$B$14,2,0) -> CESADO | AQ78: =CONCATENATE(MID(AU78,1,AV78-1)," ",(MID(AS78,1,AT78-1))) -> JEFFERSON LOPEZ | AR78: =SEARCH(",",B78) -> 11 | AS78: =MID(B78,1,AR78-1) -> LOPEZ CRUZ | AT78: =SEARCH(" ",AS78) -> 6 | AU78: =MID(B78,AR78+2,90) -> JEFFERSON NORMAN | AV78: =SEARCH(" ",AU78) -> 10
A79: 00025 | B79: CRUZ TAIPE, RONY WALDIR | C79: 76848378 | D79: 0 | E79: 0.0020833333 | F79: 0 | G79: 0.018055556 | H79: 0 | I79: 0.010416667 | J79: 0.022222222 | K79: 0 | L79: F | M79: 0 | N79: 0.0034722222 | O79: 0 | P79: 0.0013888889 | Q79: 0.0034722222 | R79: 0.0055555556 | S79: 0.00069444444 | T79: 0 | U79: 0.0034722222 | V79: 0 | W79: 0.0125 | X79: 0 | Y79: 0 | Z79: 0 | AA79: 0.00069444444 | AB79: 0.0041666667 | AC79: 0 | AD79: 0 | AE79: 0 | AF79: 0 | AJ79: 3 | AK79: =COUNTA(D79:AI79) -> 29 | AL79: 0.0069444444 | AM79: =COUNTIF(D79:AI79, ">00:10") -> 4 | AN79: =+AM79/AK79 -> 0.13793103 | AO79: =COUNTIF(D79:AI79,"F") -> 1 | AP79: ACTIVO | AQ79: =CONCATENATE(MID(AU79,1,AV79-1)," ",(MID(AS79,1,AT79-1))) -> RONY CRUZ | AR79: =SEARCH(",",B79) -> 11 | AS79: =MID(B79,1,AR79-1) -> CRUZ TAIPE | AT79: =SEARCH(" ",AS79) -> 5 | AU79: =MID(B79,AR79+2,90) -> RONY WALDIR | AV79: =SEARCH(" ",AU79) -> 5
A80: 00026 | B80: ANDRADE MERA, MARQUIÑO ANTONY | C80: 74768155 | D80: 0 | E80: 0.0083333333 | F80: 0 | G80: 0 | H80: 0 | I80: 0.00069444444 | J80: F | K80: 0 | L80: 0 | M80: 0 | N80: 0 | O80: 0 | P80: 0.0097222222 | Q80: 0.0076388889 | R80: 0.010416667 | S80: 0.0034722222 | T80: 0.0048611111 | U80: 0.0013888889 | V80: 0 | W80: 0.0097222222 | X80: 0.0069444444 | Y80: 0.0069444444 | Z80: 0.013888889 | AA80: 0.0027777778 | AB80: 0.0041666667 | AC80: 0 | AD80: 0.010416667 | AE80: 0.0083333333 | AF80: 0 | AJ80: 3 | AK80: =COUNTA(D80:AI80) -> 29 | AL80: 0.0069444444 | AM80: =COUNTIF(D80:AI80, ">00:10") -> 8 | AN80: =+AM80/AK80 -> 0.27586207 | AO80: =COUNTIF(D80:AI80,"F") -> 1 | AP80: CESADO | AQ80: =CONCATENATE(MID(AU80,1,AV80-1)," ",(MID(AS80,1,AT80-1))) -> MARQUIÑO ANDRADE | AR80: =SEARCH(",",B80) -> 13 | AS80: =MID(B80,1,AR80-1) -> ANDRADE MERA | AT80: =SEARCH(" ",AS80) -> 8 | AU80: =MID(B80,AR80+2,90) -> MARQUIÑO ANTONY | AV80: =SEARCH(" ",AU80) -> 9
A81: 00028 | B81: CLAROS NIETO, LITTA DANERY | C81: 47329796 | D81: 0 | E81: 0 | F81: 1:59 | G81: 0.0055555556 | H81: 0 | I81: 0.0097222222 | J81: 0.028472222 | K81: 0.036805556 | L81: 0.025 | M81: 0.018055556 | N81: 0 | O81: 0 | P81: 0.034027778 | Q81: 0.00625 | R81: 0.0090277778 | S81: 0.016666667 | T81: 0.0083333333 | U81: 0 | V81: 0 | W81: 0.0020833333 | X81: 0.015972222 | Y81: 0.028472222 | Z81: 0.029166667 | AA81: 0.025694444 | AB81: 0.017361111 | AC81: 0 | AD81: 0.020138889 | AE81: 0.038888889 | AF81: 0 | AJ81: 3 | AK81: =COUNTA(D81:AI81) -> 29 | AL81: 0.0069444444 | AM81: =COUNTIF(D81:AI81, ">00:10") -> 16 | AN81: =+AM81/AK81 -> 0.55172414 | AO81: =COUNTIF(D81:AI81,"F") -> 0 | AP81: =VLOOKUP(B81,Hoja3!$A$1:$B$14,2,0) -> CESADO | AQ81: =CONCATENATE(MID(AU81,1,AV81-1)," ",(MID(AS81,1,AT81-1))) -> LITTA CLAROS | AR81: =SEARCH(",",B81) -> 13 | AS81: =MID(B81,1,AR81-1) -> CLAROS NIETO | AT81: =SEARCH(" ",AS81) -> 7 | AU81: =MID(B81,AR81+2,90) -> LITTA DANERY | AV81: =SEARCH(" ",AU81) -> 6
A82: 00031 | B82: ZARATE SALAZAR, JOE | C82: 10157300 | D82: F | E82: F | F82: F | G82: F | H82: 0 | I82: F | J82: F | K82: F | L82: F | M82: F | N82: F | O82: 0 | P82: F | Q82: F | R82: F | S82: F | T82: F | U82: F | V82: 0 | W82: F | X82: F | Y82: F | Z82: F | AA82: F | AB82: F | AC82: 0 | AD82: F | AE82: F | AF82: 0 | AJ82: 3 | AK82: =COUNTA(D82:AI82) -> 29 | AL82: 0.0069444444 | AM82: =COUNTIF(D82:AI82, ">00:10") -> 0 | AN82: =+AM82/AK82 -> 0 | AO82: =COUNTIF(D82:AI82,"F") -> 24 | AP82: =VLOOKUP(B82,Hoja3!$A$1:$B$14,2,0) -> CESADO | AQ82: =CONCATENATE(AU82," ",(MID(AS82,1,AT82-1))) -> JOE ZARATE | AR82: =SEARCH(",",B82) -> 15 | AS82: =MID(B82,1,AR82-1) -> ZARATE SALAZAR | AT82: =SEARCH(" ",AS82) -> 7 | AU82: =MID(B82,AR82+2,90) -> JOE | AV82: =SEARCH(" ",AU82) -> #VALUE!
A83: 00034 | B83: MEJIA TORRES, FRANCISCO JAVIER | C83: 72350882 | D83: 0.0041666667 | E83: 0 | F83: 0 | G83: 0 | H83: 0 | I83: 0 | J83: 0 | K83: 0 | L83: 0 | M83: 0 | N83: 0 | O83: 0 | P83: 0 | Q83: 0.0027777778 | R83: 0 | S83: 0 | T83: 0 | U83: 0 | V83: 0 | W83: 0 | X83: 0 | Y83: 0.0013888889 | Z83: 0 | AA83: 0 | AB83: 0 | AC83: 0 | AD83: 0.00625 | AE83: 0 | AF83: 0 | AJ83: 3 | AK83: =COUNTA(D83:AI83) -> 29 | AL83: 0.0069444444 | AM83: =COUNTIF(D83:AI83, ">00:10") -> 0 | AN83: =+AM83/AK83 -> 0 | AO83: =COUNTIF(D83:AI83,"F") -> 0 | AP83: ACTIVO | AQ83: =CONCATENATE(MID(AU83,1,AV83-1)," ",(MID(AS83,1,AT83-1))) -> FRANCISCO MEJIA | AR83: =SEARCH(",",B83) -> 13 | AS83: =MID(B83,1,AR83-1) -> MEJIA TORRES | AT83: =SEARCH(" ",AS83) -> 6 | AU83: =MID(B83,AR83+2,90) -> FRANCISCO JAVIER | AV83: =SEARCH(" ",AU83) -> 10
A84: 00035 | B84: GUEVARA CABELLO, CARLOS JEANPIERRE | C84: 74026944 | D84: 0 | E84: 0 | F84: 0 | G84: 0 | H84: 0 | I84: 0 | J84: 0.0013888889 | K84: 0 | L84: 0.0076388889 | M84: 0 | N84: 0 | O84: 0 | P84: 0.015972222 | Q84: 0.0013888889 | R84: 1:19 | S84: 0.022916667 | T84: 0.013888889 | U84: 0 | V84: 0 | W84: 0 | X84: 0.0013888889 | Y84: 0.022916667 | Z84: 0.0013888889 | AA84: 0.011111111 | AB84: 0 | AC84: 0 | AD84: F | AE84: 0.013194444 | AF84: 0 | AJ84: 3 | AK84: =COUNTA(D84:AI84) -> 29 | AL84: 0.0069444444 | AM84: =COUNTIF(D84:AI84, ">00:10") -> 7 | AN84: =+AM84/AK84 -> 0.24137931 | AO84: =COUNTIF(D84:AI84,"F") -> 1 | AP84: ACTIVO | AQ84: =CONCATENATE(MID(AU84,1,AV84-1)," ",(MID(AS84,1,AT84-1))) -> CARLOS GUEVARA | AR84: =SEARCH(",",B84) -> 16 | AS84: =MID(B84,1,AR84-1) -> GUEVARA CABELLO | AT84: =SEARCH(" ",AS84) -> 8 | AU84: =MID(B84,AR84+2,90) -> CARLOS JEANPIERRE | AV84: =SEARCH(" ",AU84) -> 7
A85: 00036 | B85: AMES ESPINOZA, KIMBERLLY | C85: 75149675 | D85: 0.011805556 | E85: 0.027777778 | F85: 0 | G85: 0.039583333 | H85: 0 | I85: 0.032638889 | J85: 0.0090277778 | K85: 1:03 | L85: 0.022916667 | M85: 0.025 | N85: 0.027083333 | O85: 0 | P85: 0 | Q85: 0.036805556 | R85: 0 | S85: 0.020833333 | T85: 0.022222222 | U85: 0.0083333333 | V85: 0 | W85: 0 | X85: 0.020833333 | Y85: 0.0097222222 | Z85: 0.01875 | AA85: 0 | AB85: 0.0097222222 | AC85: 0 | AD85: 0.011805556 | AE85: 0.027083333 | AF85: 0 | AJ85: 3 | AK85: =COUNTA(D85:AI85) -> 29 | AL85: 0.0069444444 | AM85: =COUNTIF(D85:AI85, ">00:10") -> 18 | AN85: =+AM85/AK85 -> 0.62068966 | AO85: =COUNTIF(D85:AI85,"F") -> 0 | AP85: ACTIVO | AQ85: =CONCATENATE(AU85," ",(MID(AS85,1,AT85-1))) -> KIMBERLLY AMES | AR85: =SEARCH(",",B85) -> 14 | AS85: =MID(B85,1,AR85-1) -> AMES ESPINOZA | AT85: =SEARCH(" ",AS85) -> 5 | AU85: =MID(B85,AR85+2,90) -> KIMBERLLY | AV85: =SEARCH(" ",AU85) -> #VALUE!
A86: 00037 | B86: ALVARADO ECHAIZ, LILIANA | C86: 15739413 | D86: 0.027083333 | E86: 0.010416667 | F86: 0.0083333333 | G86: 0 | H86: 0 | I86: 0.0013888889 | J86: 0.021527778 | K86: 0.00069444444 | L86: 0.018055556 | M86: 0.013194444 | N86: 0.0125 | O86: 0 | P86: 0.017361111 | Q86: 0.025 | R86: 0.011111111 | S86: 0.00625 | T86: 0.021527778 | U86: 0.013194444 | V86: 0 | W86: 0.010416667 | X86: 0.0125 | Y86: 0.015277778 | Z86: 0.018055556 | AA86: 0.015277778 | AB86: 0 | AC86: 0 | AD86: 0.015277778 | AE86: 0.022222222 | AF86: 0 | AJ86: 3 | AK86: =COUNTA(D86:AI86) -> 29 | AL86: 0.0069444444 | AM86: =COUNTIF(D86:AI86, ">00:10") -> 19 | AN86: =+AM86/AK86 -> 0.65517241 | AO86: =COUNTIF(D86:AI86,"F") -> 0 | AP86: ACTIVO | AQ86: =CONCATENATE(AU86," ",(MID(AS86,1,AT86-1))) -> LILIANA ALVARADO | AR86: =SEARCH(",",B86) -> 16 | AS86: =MID(B86,1,AR86-1) -> ALVARADO ECHAIZ | AT86: =SEARCH(" ",AS86) -> 9 | AU86: =MID(B86,AR86+2,90) -> LILIANA | AV86: =SEARCH(" ",AU86) -> #VALUE!
A87: 00040 | B87: MERMA CHILA, MANUEL ENRIQUE | C87: 75925906 | D87: 0 | E87: 0.0055555556 | F87: 0.0013888889 | G87: 0 | H87: 0 | I87: 0.0097222222 | J87: 0 | K87: 0.0090277778 | L87: 0.00069444444 | M87: 0 | N87: 0 | O87: 0 | P87: 0.0083333333 | Q87: 0.0013888889 | R87: 0.0048611111 | S87: 0.0013888889 | T87: 0.0013888889 | U87: 0 | V87: 0 | W87: 0.0027777778 | X87: 0 | Y87: F | Z87: F | AA87: F | AB87: 0 | AC87: 0 | AD87: 0.0027777778 | AE87: 0 | AF87: 0 | AJ87: 3 | AK87: =COUNTA(D87:AI87) -> 29 | AL87: 0.0069444444 | AM87: =COUNTIF(D87:AI87, ">00:10") -> 3 | AN87: =+AM87/AK87 -> 0.10344828 | AO87: =COUNTIF(D87:AI87,"F") -> 3 | AP87: ACTIVO | AQ87: =CONCATENATE(MID(AU87,1,AV87-1)," ",(MID(AS87,1,AT87-1))) -> MANUEL MERMA | AR87: =SEARCH(",",B87) -> 12 | AS87: =MID(B87,1,AR87-1) -> MERMA CHILA | AT87: =SEARCH(" ",AS87) -> 6 | AU87: =MID(B87,AR87+2,90) -> MANUEL ENRIQUE | AV87: =SEARCH(" ",AU87) -> 7
A88: 00041 | B88: SANCHEZ PANAIFO, GRECIA DANNAE | C88: 48420673 | D88: 0.010416667 | E88: 0.0041666667 | F88: 0.0048611111 | G88: 0.0090277778 | H88: 0 | I88: 1:16 | J88: 0 | K88: 0.0020833333 | L88: 0.013194444 | M88: 0.0041666667 | N88: 0.0013888889 | O88: 0 | P88: 1:00 | Q88: 0 | R88: 0.0048611111 | S88: 0 | T88: 0 | U88: 0.0041666667 | V88: 0 | W88: 0.0048611111 | X88: 0.0069444444 | Y88: 0 | Z88: 0 | AA88: 0 | AB88: 0.021527778 | AC88: 0 | AD88: 0.011805556 | AE88: 0.011111111 | AF88: 0 | AJ88: 3 | AK88: =COUNTA(D88:AI88) -> 29 | AL88: 0.0069444444 | AM88: =COUNTIF(D88:AI88, ">00:10") -> 6 | AN88: =+AM88/AK88 -> 0.20689655 | AO88: =COUNTIF(D88:AI88,"F") -> 0 | AP88: ACTIVO | AQ88: =CONCATENATE(MID(AU88,1,AV88-1)," ",(MID(AS88,1,AT88-1))) -> GRECIA SANCHEZ | AR88: =SEARCH(",",B88) -> 16 | AS88: =MID(B88,1,AR88-1) -> SANCHEZ PANAIFO | AT88: =SEARCH(" ",AS88) -> 8 | AU88: =MID(B88,AR88+2,90) -> GRECIA DANNAE | AV88: =SEARCH(" ",AU88) -> 7
A89: 00042 | B89: CHAVEZ GUILLEN, DIANA CAROLINA | C89: 71007128 | D89: 0 | E89: 0 | F89: 0 | G89: 0 | H89: 0 | I89: 0 | J89: 0 | K89: 0 | L89: 0 | M89: 0 | N89: 0 | O89: 0 | P89: 0 | Q89: 0 | R89: 0 | S89: 0 | T89: 0.0027777778 | U89: 0 | V89: 0 | W89: 0 | X89: 0 | Y89: 0 | Z89: 0 | AA89: 0 | AB89: 0 | AC89: 0 | AD89: 0 | AE89: 0 | AF89: 0 | AJ89: 3 | AK89: =COUNTA(D89:AI89) -> 29 | AL89: 0.0069444444 | AM89: =COUNTIF(D89:AI89, ">00:10") -> 0 | AN89: =+AM89/AK89 -> 0 | AO89: =COUNTIF(D89:AI89,"F") -> 0 | AP89: =VLOOKUP(B89,Hoja3!$A$1:$B$14,2,0) -> CESADO | AQ89: =CONCATENATE(MID(AU89,1,AV89-1)," ",(MID(AS89,1,AT89-1))) -> DIANA CHAVEZ | AR89: =SEARCH(",",B89) -> 15 | AS89: =MID(B89,1,AR89-1) -> CHAVEZ GUILLEN | AT89: =SEARCH(" ",AS89) -> 7 | AU89: =MID(B89,AR89+2,90) -> DIANA CAROLINA | AV89: =SEARCH(" ",AU89) -> 6
A90: 00043 | B90: URDAY CHOQUE, JONATHAN EDGARD | C90: 71432329 | D90: 0 | E90: 0 | F90: 0 | G90: 0.010416667 | H90: 0 | I90: 0 | J90: 0 | K90: 0 | L90: 0 | M90: 0 | N90: 0 | O90: 0 | P90: 0 | Q90: 0 | R90: 0 | S90: 0 | T90: 0 | U90: 0 | V90: 0 | W90: 0 | X90: 0.00069444444 | Y90: 0 | Z90: 0 | AA90: 0 | AB90: 0 | AC90: 0 | AD90: 0 | AE90: 0 | AF90: 0 | AJ90: 3 | AK90: =COUNTA(D90:AI90) -> 29 | AL90: 0.0069444444 | AM90: =COUNTIF(D90:AI90, ">00:10") -> 1 | AN90: =+AM90/AK90 -> 0.034482759 | AO90: =COUNTIF(D90:AI90,"F") -> 0 | AP90: ACTIVO | AQ90: =CONCATENATE(MID(AU90,1,AV90-1)," ",(MID(AS90,1,AT90-1))) -> JONATHAN URDAY | AR90: =SEARCH(",",B90) -> 13 | AS90: =MID(B90,1,AR90-1) -> URDAY CHOQUE | AT90: =SEARCH(" ",AS90) -> 6 | AU90: =MID(B90,AR90+2,90) -> JONATHAN EDGARD | AV90: =SEARCH(" ",AU90) -> 9
A91: 00044 | B91: PEREZ VERA, MARLENE BETTY | C91: 72092638 | D91: 0 | E91: 0 | F91: 0 | G91: 0 | H91: 0 | I91: 0 | J91: 0 | K91: 0 | L91: 0 | M91: 0 | N91: 0.00069444444 | O91: 0 | P91: 0 | Q91: 0 | R91: 0.0034722222 | S91: 0 | T91: 0.0034722222 | U91: 0 | V91: 0 | W91: 0.0041666667 | X91: 0 | Y91: 0 | Z91: 0 | AA91: 0.0055555556 | AB91: 0 | AC91: 0 | AD91: 0.0013888889 | AE91: 0 | AF91: 0 | AJ91: 3 | AK91: =COUNTA(D91:AI91) -> 29 | AL91: 0.0069444444 | AM91: =COUNTIF(D91:AI91, ">00:10") -> 0 | AN91: =+AM91/AK91 -> 0 | AO91: =COUNTIF(D91:AI91,"F") -> 0 | AP91: =VLOOKUP(B91,Hoja3!$A$1:$B$14,2,0) -> CESADO | AQ91: =CONCATENATE(MID(AU91,1,AV91-1)," ",(MID(AS91,1,AT91-1))) -> MARLENE PEREZ | AR91: =SEARCH(",",B91) -> 11 | AS91: =MID(B91,1,AR91-1) -> PEREZ VERA | AT91: =SEARCH(" ",AS91) -> 6 | AU91: =MID(B91,AR91+2,90) -> MARLENE BETTY | AV91: =SEARCH(" ",AU91) -> 8
A92: 00045 | B92: ALARCON MONTALVAN, YAEL ASHLEY | C92: 73354131 | D92: 0.024305556 | E92: 0.024305556 | F92: 0.022916667 | G92: 0.025 | H92: 0 | I92: 0.033333333 | J92: 0.025694444 | K92: 0.030555556 | L92: 0.034027778 | M92: 0 | N92: 0.023611111 | O92: 0 | P92: 1:02 | Q92: 0.0041666667 | R92: 0.038888889 | S92: 0 | T92: 0.00625 | U92: 0.0041666667 | V92: 0 | W92: 0 | X92: 0.0090277778 | Y92: 0.022916667 | Z92: 0.025694444 | AA92: 0.00069444444 | AB92: 0 | AC92: 0 | AD92: 0.038194444 | AE92: 0.0020833333 | AF92: 0 | AJ92: 3 | AK92: =COUNTA(D92:AI92) -> 29 | AL92: 0.0069444444 | AM92: =COUNTIF(D92:AI92, ">00:10") -> 14 | AN92: =+AM92/AK92 -> 0.48275862 | AO92: =COUNTIF(D92:AI92,"F") -> 0 | AP92: =VLOOKUP(B92,Hoja3!$A$1:$B$14,2,0) -> CESADO | AQ92: =CONCATENATE(MID(AU92,1,AV92-1)," ",(MID(AS92,1,AT92-1))) -> YAEL ALARCON | AR92: =SEARCH(",",B92) -> 18 | AS92: =MID(B92,1,AR92-1) -> ALARCON MONTALVAN | AT92: =SEARCH(" ",AS92) -> 8 | AU92: =MID(B92,AR92+2,90) -> YAEL ASHLEY | AV92: =SEARCH(" ",AU92) -> 5
A93: 00046 | B93: CORDOVA ZEVALLOS, JORGE ENRIQUE | C93: 74043790 | D93: F | E93: 0 | F93: 0.0013888889 | G93: 0.013888889 | H93: 0 | I93: 0.011805556 | J93: 0 | K93: 0 | L93: 0 | M93: 0.0069444444 | N93: 0 | O93: 0 | P93: 0.00069444444 | Q93: 0.0041666667 | R93: 0 | S93: 0 | T93: 0 | U93: 0.0027777778 | V93: 0 | W93: F | X93: F | Y93: F | Z93: F | AA93: F | AB93: F | AC93: 0 | AD93: F | AE93: F | AF93: 0 | AJ93: 3 | AK93: =COUNTA(D93:AI93) -> 29 | AL93: 0.0069444444 | AM93: =COUNTIF(D93:AI93, ">00:10") -> 2 | AN93: =+AM93/AK93 -> 0.068965517 | AO93: =COUNTIF(D93:AI93,"F") -> 9 | AP93: ACTIVO | AQ93: =CONCATENATE(MID(AU93,1,AV93-1)," ",(MID(AS93,1,AT93-1))) -> JORGE CORDOVA | AR93: =SEARCH(",",B93) -> 17 | AS93: =MID(B93,1,AR93-1) -> CORDOVA ZEVALLOS | AT93: =SEARCH(" ",AS93) -> 8 | AU93: =MID(B93,AR93+2,90) -> JORGE ENRIQUE | AV93: =SEARCH(" ",AU93) -> 6
A94: 00001 | B94: CACERES CORDOVA, ROCIO SANDRA | C94: 48429690 | D94: 0.025 | E94: 0.034027778 | F94: 0.022916667 | G94: 0 | H94: 0 | I94: 1:00 | J94: 0.032638889 | K94: 0.0083333333 | L94: 0.039583333 | M94: 0.015277778 | N94: 0.011111111 | O94: 0 | P94: 0 | Q94: 0.03125 | R94: 0.029166667 | S94: 0 | T94: 0 | U94: 0.0048611111 | V94: 0 | W94: 0 | X94: 0.025 | Y94: 0.027777778 | Z94: 0 | AA94: 0 | AB94: 0 | AC94: 0 | AD94: 0 | AE94: 0 | AF94: 0.03125 | AG94: 0.039583333 | AH94: 0.034027778 | AJ94: 4 | AK94: =COUNTA(D94:AI94) -> 31 | AL94: 0.0069444444 | AM94: =COUNTIF(D94:AI94, ">00:10") -> 15 | AN94: =+AM94/AK94 -> 0.48387097 | AO94: =COUNTIF(D94:AI94,"F") -> 0 | AP94: ACTIVO | AQ94: =CONCATENATE(MID(AU94,1,AV94-1)," ",(MID(AS94,1,AT94-1))) -> ROCIO CACERES | AR94: =SEARCH(",",B94) -> 16 | AS94: =MID(B94,1,AR94-1) -> CACERES CORDOVA | AT94: =SEARCH(" ",AS94) -> 8 | AU94: =MID(B94,AR94+2,90) -> ROCIO SANDRA | AV94: =SEARCH(" ",AU94) -> 6
A95: 00003 | B95: LLANOS YAURI, LOURDES LUCIA | C95: 10602846 | D95: 0.0375 | E95: 0.013888889 | F95: 0 | G95: 0 | H95: 0 | I95: 0.033333333 | J95: 0.0375 | K95: 0.023611111 | L95: 0.035416667 | M95: 0.010416667 | N95: 0.015277778 | O95: 0 | P95: 0 | Q95: 0.023611111 | R95: 0.016666667 | S95: 0 | T95: 0.034722222 | U95: 0.0041666667 | V95: 0 | W95: 0.016666667 | X95: 0.030555556 | Y95: 0.020138889 | Z95: 0 | AA95: 0 | AB95: 0.024305556 | AC95: 0 | AD95: 0 | AE95: 0.029861111 | AF95: 0.029861111 | AG95: 0.027083333 | AH95: 0.0055555556 | AJ95: 4 | AK95: =COUNTA(D95:AI95) -> 31 | AL95: 0.0069444444 | AM95: =COUNTIF(D95:AI95, ">00:10") -> 18 | AN95: =+AM95/AK95 -> 0.58064516 | AO95: =COUNTIF(D95:AI95,"F") -> 0 | AP95: ACTIVO | AQ95: =CONCATENATE(MID(AU95,1,AV95-1)," ",(MID(AS95,1,AT95-1))) -> LOURDES LLANOS | AR95: =SEARCH(",",B95) -> 13 | AS95: =MID(B95,1,AR95-1) -> LLANOS YAURI | AT95: =SEARCH(" ",AS95) -> 7 | AU95: =MID(B95,AR95+2,90) -> LOURDES LUCIA | AV95: =SEARCH(" ",AU95) -> 8
A96: 00004 | B96: TICLLA RAMOS, MARIELLA | C96: 72262268 | D96: 0.015277778 | E96: 0.028472222 | F96: 0.011805556 | G96: 0 | H96: 0 | I96: 0.029861111 | J96: 0.014583333 | K96: 0.00625 | L96: 0.0055555556 | M96: 0.00069444444 | N96: 0.0020833333 | O96: 0 | P96: 0 | Q96: 0.027777778 | R96: 0 | S96: 0 | T96: 0 | U96: 0.0076388889 | V96: 0 | W96: 0.024305556 | X96: 0.010416667 | Y96: 0.013194444 | Z96: 0 | AA96: 0 | AB96: 0 | AC96: 0 | AD96: 0 | AE96: 0.013194444 | AF96: 0.014583333 | AG96: 0.014583333 | AH96: 0.0027777778 | AJ96: 4 | AK96: =COUNTA(D96:AI96) -> 31 | AL96: 0.0069444444 | AM96: =COUNTIF(D96:AI96, ">00:10") -> 13 | AN96: =+AM96/AK96 -> 0.41935484 | AO96: =COUNTIF(D96:AI96,"F") -> 0 | AP96: ACTIVO | AQ96: =CONCATENATE(AU96," ",(MID(AS96,1,AT96-1))) -> MARIELLA TICLLA | AR96: =SEARCH(",",B96) -> 13 | AS96: =MID(B96,1,AR96-1) -> TICLLA RAMOS | AT96: =SEARCH(" ",AS96) -> 7 | AU96: =MID(B96,AR96+2,90) -> MARIELLA | AV96: =SEARCH(" ",AU96) -> #VALUE!
A97: 00006 | B97: PARIONA ROSAS, RICHARD | C97: 71001774 | D97: 0.015277778 | E97: 0.0055555556 | F97: 0.0097222222 | G97: 0 | H97: 0 | I97: 0.019444444 | J97: 0.0055555556 | K97: 0.010416667 | L97: 0.011111111 | M97: 0.0034722222 | N97: 1:09 | O97: 0 | P97: 0 | Q97: 0.013888889 | R97: 0 | S97: 0 | T97: 0.028472222 | U97: 0.0076388889 | V97: 0 | W97: 0.016666667 | X97: 0.014583333 | Y97: 0.0097222222 | Z97: 0 | AA97: 0 | AB97: 0.0076388889 | AC97: 0 | AD97: 0 | AE97: 0.01875 | AF97: 0 | AG97: 0 | AH97: 0.0041666667 | AJ97: 4 | AK97: =COUNTA(D97:AI97) -> 31 | AL97: 0.0069444444 | AM97: =COUNTIF(D97:AI97, ">00:10") -> 13 | AN97: =+AM97/AK97 -> 0.41935484 | AO97: =COUNTIF(D97:AI97,"F") -> 0 | AP97: ACTIVO | AQ97: =CONCATENATE(AU97," ",(MID(AS97,1,AT97-1))) -> RICHARD PARIONA | AR97: =SEARCH(",",B97) -> 14 | AS97: =MID(B97,1,AR97-1) -> PARIONA ROSAS | AT97: =SEARCH(" ",AS97) -> 8 | AU97: =MID(B97,AR97+2,90) -> RICHARD | AV97: =SEARCH(" ",AU97) -> #VALUE!
A98: 00008 | B98: LLANOS ANTAURCO, STEPHEN BORIS | C98: 46183969 | D98: 0.0076388889 | E98: 0.0013888889 | F98: 0.0125 | G98: 0 | H98: 0 | I98: 0.013888889 | J98: 0.0076388889 | K98: 0.0083333333 | L98: 0 | M98: 0 | N98: 0 | O98: 0 | P98: 0 | Q98: 0 | R98: 0 | S98: 0 | T98: 0.0013888889 | U98: 0 | V98: 0 | W98: 0.016666667 | X98: 0 | Y98: 0 | Z98: 0 | AA98: 0 | AB98: 0.0013888889 | AC98: 0 | AD98: 0 | AE98: 0.0069444444 | AF98: 0.0041666667 | AG98: 0.0097222222 | AH98: 0.0055555556 | AJ98: 4 | AK98: =COUNTA(D98:AI98) -> 31 | AL98: 0.0069444444 | AM98: =COUNTIF(D98:AI98, ">00:10") -> 7 | AN98: =+AM98/AK98 -> 0.22580645 | AO98: =COUNTIF(D98:AI98,"F") -> 0 | AP98: ACTIVO | AQ98: =CONCATENATE(MID(AU98,1,AV98-1)," ",(MID(AS98,1,AT98-1))) -> STEPHEN LLANOS | AR98: =SEARCH(",",B98) -> 16 | AS98: =MID(B98,1,AR98-1) -> LLANOS ANTAURCO | AT98: =SEARCH(" ",AS98) -> 7 | AU98: =MID(B98,AR98+2,90) -> STEPHEN BORIS | AV98: =SEARCH(" ",AU98) -> 8
A99: 00010 | B99: CCAMA ARONI, LUZ MIRELLA | C99: 76575233 | D99: 0 | E99: 0.014583333 | F99: 0.0125 | G99: 0 | H99: 0 | I99: 0.03125 | J99: 0.016666667 | K99: 0.01875 | L99: 0.020833333 | M99: 0.015277778 | N99: 0.013194444 | O99: 0 | P99: 0 | Q99: 0 | R99: 0.01875 | S99: 0 | T99: 0.022222222 | U99: 0.0125 | V99: 0 | W99: 0.029861111 | X99: 0.019444444 | Y99: 0.0027777778 | Z99: 0 | AA99: 0 | AB99: 0.0083333333 | AC99: 0 | AD99: 0 | AE99: 0 | AF99: 0 | AG99: 0 | AH99: 0 | AJ99: 4 | AK99: =COUNTA(D99:AI99) -> 31 | AL99: 0.0069444444 | AM99: =COUNTIF(D99:AI99, ">00:10") -> 14 | AN99: =+AM99/AK99 -> 0.4516129 | AO99: =COUNTIF(D99:AI99,"F") -> 0 | AP99: ACTIVO | AQ99: =CONCATENATE(MID(AU99,1,AV99-1)," ",(MID(AS99,1,AT99-1))) -> LUZ CCAMA | AR99: =SEARCH(",",B99) -> 12 | AS99: =MID(B99,1,AR99-1) -> CCAMA ARONI | AT99: =SEARCH(" ",AS99) -> 6 | AU99: =MID(B99,AR99+2,90) -> LUZ MIRELLA | AV99: =SEARCH(" ",AU99) -> 4
A100: 00013 | B100: CAYCHO HUANCA, ANDREA ALESSANDRA | C100: 76227067 | D100: 0.013194444 | E100: 0.0083333333 | F100: 0.013888889 | G100: 0 | H100: 0 | I100: 0.00625 | J100: 0.013888889 | K100: 0.015972222 | L100: 0.019444444 | M100: 0.019444444 | N100: 0.010416667 | O100: 0 | P100: 0 | Q100: 0.013194444 | R100: 0 | S100: 0 | T100: 0.0034722222 | U100: 0.0034722222 | V100: 0 | W100: 0.017361111 | X100: 0.0125 | Y100: 0.0076388889 | Z100: 0 | AA100: 0 | AB100: 0 | AC100: 0 | AD100: 0 | AE100: 0.026388889 | AF100: 0.0083333333 | AG100: 0.0055555556 | AH100: 0.013888889 | AJ100: 4 | AK100: =COUNTA(D100:AI100) -> 31 | AL100: 0.0069444444 | AM100: =COUNTIF(D100:AI100, ">00:10") -> 15 | AN100: =+AM100/AK100 -> 0.48387097 | AO100: =COUNTIF(D100:AI100,"F") -> 0 | AP100: CESADO | AQ100: =CONCATENATE(MID(AU100,1,AV100-1)," ",(MID(AS100,1,AT100-1))) -> ANDREA CAYCHO | AR100: =SEARCH(",",B100) -> 14 | AS100: =MID(B100,1,AR100-1) -> CAYCHO HUANCA | AT100: =SEARCH(" ",AS100) -> 7 | AU100: =MID(B100,AR100+2,90) -> ANDREA ALESSANDRA | AV100: =SEARCH(" ",AU100) -> 7
...

Sheet Hoja3
A1: ALARCON MONTALVAN, YAEL ASHLEY | B1: CESADO
A2: ASIAN RAMIREZ, SILVIA LARITZA | B2: CESADO
A3: CCARI ASILLO, JHON MILTHON | B3: CESADO
A4: CHAVEZ GUILLEN, DIANA CAROLINA | B4: CESADO
A5: CLAROS NIETO, LITTA DANERY | B5: CESADO
A6: FELIX GARCIA, JEAN PIERRE | B6: CESADO
A7: GALINDO MERA, YAHAIRA LUZMILA | B7: CESADO
A8: GUEVARA ENRIQUEZ, ROGELIO | B8: CESADO
A9: LOPEZ CRUZ, JEFFERSON NORMAN | B9: CESADO
A10: MAYTA HUANCA, LUZ GABY | B10: CESADO
A11: PAREDES GUILLEN, ROCIO NOEMI | B11: CESADO
A12: PEREZ VERA, MARLENE BETTY | B12: CESADO
... A18: ALVAREZ MINAYA, BRIGHITTE SONIA | B18: CESADO

Sheet Hoja2
A1: ESTATUS | B1: ACTIVO
A3: Suma de Tard. > 00:10 | B3: Mes
A4: Etiquetas de fila | B4: 5 | C4: 6 | D4: 7 | E4: 8 | F4: Total general
A5: LUZ CCAMA | B5: 15 | C5: 22 | D5: 18 | E5: 13 | F5: 68
A6: MARIELLA TICLLA | B6: 19 | C6: 21 | D6: 13 | E6: 7 | F6: 60
A7: ROCIO CACERES | B7: 15 | C7: 22 | D7: 14 | E7: 9 | F7: 60
A8: KIMBERLLY AMES | B8: 15 | C8: 12 | D8: 13 | E8: 19 | F8: 59
A9: LILIANA ALVARADO | B9: 19 | C9: 25 | D9: 4 | E9: 11 | F9: 59
A10: LOURDES LLANOS | B10: 10 | C10: 17 | D10: 11 | E10: 16 | F10: 54
A11: RICHARD PARIONA | B11: 14 | C11: 24 | D11: 9 | E11: 4 | F11: 51
A12: IMANOL HANCCO | B12: 4 | C12: 9 | D12: 10 | E12: 8 | F12: 31
A13: GRECIA SANCHEZ | B13: 10 | C13: 15 | D13: 4 | E13: 0 | F13: 29
A14: OSCAR PARIAPAZA | B14: 6 | C14: 13 | D14: 0 | E14: 10 | F14: 29
A15: CARLOS LOPEZ | B15: 5 | C15: 9 | D15: 4 | E15: 8 | F15: 26
A16: STEPHEN LLANOS | B16: 7 | C16: 11 | D16: 4 | E16: 3 | F16: 25
... A27: Total general | B27: 165 | C27: 257 | D27: 131 | E27: 134 | F27: 687
